[{"pk": 1, "model": "rb.feature", "fields": {"images": true, "text": true, "flash": false}}, {"pk": 1, "model": "rb.interactionnode", "fields": {"body": "Readrboard Up Vote", "kind": "vot"}}, {"pk": 2, "model": "rb.interactionnode", "fields": {"body": "Readrboard Down Vote", "kind": "vot"}}, {"pk": 3, "model": "rb.interactionnode", "fields": {"body": "Great!", "kind": "tag"}}, {"pk": 4, "model": "rb.interactionnode", "fields": {"body": "Hate", "kind": "tag"}}, {"pk": 5, "model": "rb.interactionnode", "fields": {"body": "Agree", "kind": "tag"}}, {"pk": 6, "model": "rb.interactionnode", "fields": {"body": "Tell me more", "kind": "tag"}}, {"pk": 7, "model": "rb.interactionnode", "fields": {"body": "stars rock", "kind": "com"}}, {"pk": 8, "model": "rb.interactionnode", "fields": {"body": "i said so", "kind": "com"}}, {"pk": 9, "model": "rb.interactionnode", "fields": {"body": "amaziiiiing yo", "kind": "com"}}, {"pk": 10, "model": "rb.interactionnode", "fields": {"body": "cool asian", "kind": "com"}}, {"pk": 11, "model": "rb.interactionnode", "fields": {"body": "test", "kind": "com"}}, {"pk": 12, "model": "rb.interactionnode", "fields": {"body": "because...", "kind": "com"}}, {"pk": 13, "model": "rb.interactionnode", "fields": {"body": "this is awesome", "kind": "com"}}, {"pk": 14, "model": "rb.interactionnode", "fields": {"body": "testing 123", "kind": "com"}}, {"pk": 15, "model": "rb.interactionnode", "fields": {"body": "testing", "kind": "tag"}}, {"pk": 16, "model": "rb.interactionnode", "fields": {"body": "i said sooo dude", "kind": "com"}}, {"pk": 2, "model": "rb.group", "fields": {"logo_url_med": "", "comment": 1, "search": 1, "short_name": "dc", "name": "Daily Candy", "language": "en", "temp_interact": 5, "bookmark": 1, "share": 1, "secret": "FF342342AEDFBC34", "anno_whitelist": "#module-article p", "css_url": "", "no_readr": "", "rate": 1, "logo_url_sm": "", "blessed_tags": [3, 4, 5, 6], "logo_url_lg": "", "img_blacklist": "", "img_whitelist": "", "valid_domains": ""}}, {"pk": 5, "model": "rb.site", "fields": {"domain": "localhost", "group": 2, "name": "DC localhost", "include_selectors": "", "no_rdr_selectors": "", "css": ""}}, {"pk": 1, "model": "rb.page", "fields": {"url": "http://localhost:8080/static/ui-prototype/dailycandy.html", "site": 5, "canonical_url": "http://www.dailycandy.com/new-york/article/92010/5-Surprises-for-Childish-Souls"}}, {"pk": 1, "model": "rb.content", "fields": {"body": "Barely bigger than a postage stamp, even the Hanged Man looks less intimidating. Aspiring psychics can practice in the smallest of spaces.", "kind": "text", "modified": "2011-04-20 19:01:29", "created": "2011-04-20 19:01:29"}}, {"pk": 2, "model": "rb.content", "fields": {"body": "Singing in the shower is for amateurs. Drawing in the shower, now that\u2019s really something. Let aqua Picasso doodle on a blank curtain. Bonus: It\u2019s more mildew resistant than most plastics.", "kind": "text", "modified": "2011-04-20 19:04:08", "created": "2011-04-20 19:04:08"}}, {"pk": 3, "model": "rb.content", "fields": {"body": "5 Fun Gift Ideas for Childish Souls", "kind": "text", "modified": "2011-04-22 18:55:50", "created": "2011-04-22 18:55:50"}}, {"pk": 4, "model": "rb.content", "fields": {"body": "alien way", "kind": "text", "modified": "2011-04-22 18:56:07", "created": "2011-04-22 18:56:07"}}, {"pk": 5, "model": "rb.content", "fields": {"body": "\u2019Stache lovers and typography geeks alike will be tickled by the framable riff on lip fuzz. We especially love Mr. Didot (the font name and corresponding image both conjure a pencil-thin fashion worn by a Frenchman).", "kind": "text", "modified": "2011-04-22 18:56:22", "created": "2011-04-22 18:56:22"}}, {"pk": 6, "model": "rb.content", "fields": {"body": "\u2019ve seen in NYC are on th", "kind": "text", "modified": "2011-04-22 18:56:49", "created": "2011-04-22 18:56:49"}}, {"pk": 7, "model": "rb.content", "fields": {"body": "We love the Boerum Hill outpost of this \"quirky\" corner store, but its Upper West Side pop-up (tomorrow through December 24) makes lunch break shopping so much easier. Stuff these irreverent finds in your loved ones\u2019 stockings.", "kind": "text", "modified": "2011-04-22 18:57:21", "created": "2011-04-22 18:57:21"}}, {"pk": 8, "model": "rb.content", "fields": {"body": "Annie's Blue Ribbon General Store's Prankish Delights", "kind": "text", "modified": "2011-04-22 19:33:12", "created": "2011-04-22 19:33:12"}}, {"pk": 9, "model": "rb.content", "fields": {"body": "Barely bigger than a postage stamp", "kind": "text", "modified": "2011-04-22 19:33:47", "created": "2011-04-22 19:33:47"}}, {"pk": 10, "model": "rb.content", "fields": {"body": "Blue Ribbon", "kind": "text", "modified": "2011-04-22 19:34:04", "created": "2011-04-22 19:34:04"}}, {"pk": 11, "model": "rb.content", "fields": {"body": "Mr. Didot", "kind": "text", "modified": "2011-04-22 19:34:21", "created": "2011-04-22 19:34:21"}}, {"pk": 12, "model": "rb.content", "fields": {"body": "worn by a Frenchman", "kind": "text", "modified": "2011-04-22 19:34:39", "created": "2011-04-22 19:34:39"}}, {"pk": 13, "model": "rb.content", "fields": {"body": "ovember 21, 2010", "kind": "text", "modified": "2011-04-22 19:35:26", "created": "2011-04-22 19:35:26"}}, {"pk": 14, "model": "rb.content", "fields": {"body": "hued delicacy", "kind": "text", "modified": "2011-04-22 19:35:39", "created": "2011-04-22 19:35:39"}}, {"pk": 15, "model": "rb.content", "fields": {"body": "cute anim\u00e9 tin doubles as a treasure chest", "kind": "text", "modified": "2011-04-22 19:36:28", "created": "2011-04-22 19:36:28"}}, {"pk": 16, "model": "rb.content", "fields": {"body": "Singing in the shower is for amateurs", "kind": "text", "modified": "2011-04-22 19:36:50", "created": "2011-04-22 19:36:50"}}, {"pk": 17, "model": "rb.content", "fields": {"body": "telescope in the kitschy kit", "kind": "text", "modified": "2011-04-22 19:38:05", "created": "2011-04-22 19:38:05"}}, {"pk": 18, "model": "rb.content", "fields": {"body": "kind of alien way. Mail a pump-up", "kind": "text", "modified": "2011-04-22 19:38:16", "created": "2011-04-22 19:38:16"}}, {"pk": 19, "model": "rb.content", "fields": {"body": "It\u2019s more mildew resistant than most plastics.", "kind": "text", "modified": "2011-04-22 19:38:47", "created": "2011-04-22 19:38:47"}}, {"pk": 20, "model": "rb.content", "fields": {"body": "Let aqua Picasso doodle", "kind": "text", "modified": "2011-04-22 19:40:49", "created": "2011-04-22 19:40:49"}}, {"pk": 21, "model": "rb.content", "fields": {"body": "e unnaturally hued delicac", "kind": "text", "modified": "2011-04-23 20:57:36", "created": "2011-04-23 20:57:36"}}, {"pk": 22, "model": "rb.content", "fields": {"body": "The most stars you\u2019ve seen in NYC are on the ceiling of Grand Central Terminal. A telescope in the kitschy kit helps scout constellations, and the cute anim\u00e9 tin doubles as a treasure chest.", "kind": "text", "modified": "2011-04-25 21:33:17", "created": "2011-04-25 21:33:17"}}, {"pk": 23, "model": "rb.content", "fields": {"body": "kind of alien way", "kind": "text", "modified": "2011-04-25 21:33:31", "created": "2011-04-25 21:33:31"}}, {"pk": 24, "model": "rb.content", "fields": {"body": "Boerum Hill outpost of this \"quir", "kind": "text", "modified": "2011-04-25 21:34:11", "created": "2011-04-25 21:34:11"}}, {"pk": 25, "model": "rb.content", "fields": {"body": "We especially love Mr. Didot", "kind": "text", "modified": "2011-04-26 12:09:58", "created": "2011-04-26 12:09:58"}}, {"pk": 26, "model": "rb.content", "fields": {"body": "pencil-thin fashion", "kind": "text", "modified": "2011-04-26 12:10:36", "created": "2011-04-26 12:10:36"}}, {"pk": 27, "model": "rb.content", "fields": {"body": "Boerum Hill", "kind": "text", "modified": "2011-04-26 13:48:27", "created": "2011-04-26 13:48:27"}}, {"pk": 28, "model": "rb.content", "fields": {"body": "nnie's Blue Ribbon G", "kind": "text", "modified": "2011-05-01 13:55:02", "created": "2011-05-01 13:55:02"}}, {"pk": 29, "model": "rb.content", "fields": {"body": "arely bigger than a postage stamp, even the Hanged Man looks less intimidating. Aspiring p", "kind": "text", "modified": "2011-05-01 14:00:21", "created": "2011-05-01 14:00:21"}}, {"pk": 30, "model": "rb.content", "fields": {"body": "l Terminal. A telescope in the kitschy kit helps scout constellations, and the cute anim\u00e9", "kind": "text", "modified": "2011-05-01 14:02:11", "created": "2011-05-01 14:02:11"}}, {"pk": 31, "model": "rb.content", "fields": {"body": "intimidating. Aspiring p", "kind": "text", "modified": "2011-05-01 14:02:44", "created": "2011-05-01 14:02:44"}}, {"pk": 32, "model": "rb.content", "fields": {"body": "hough the unnaturally hued delicacy", "kind": "text", "modified": "2011-05-01 17:40:26", "created": "2011-05-01 17:40:26"}}, {"pk": 33, "model": "rb.content", "fields": {"body": "Boerum Hill outpost", "kind": "text", "modified": "2011-05-02 14:51:22", "created": "2011-05-02 14:51:22"}}, {"pk": 34, "model": "rb.content", "fields": {"body": "We love the Boerum Hill outpost", "kind": "text", "modified": "2011-05-02 15:00:24", "created": "2011-05-02 15:00:24"}}, {"pk": 35, "model": "rb.content", "fields": {"body": "the cute anim\u00e9", "kind": "text", "modified": "2011-05-03 18:53:59", "created": "2011-05-03 18:53:59"}}, {"pk": 36, "model": "rb.content", "fields": {"body": "roadway, between West 88th and", "kind": "text", "modified": "2011-05-03 21:17:51", "created": "2011-05-03 21:17:51"}}, {"pk": 37, "model": "rb.content", "fields": {"body": "most stars you\u2019ve seen in NYC are on the ceiling of Grand Central Terminal. A telescope in the kitschy kit helps scout constellations, and the cute anim\u00e9", "kind": "text", "modified": "2011-05-03 21:18:34", "created": "2011-05-03 21:18:34"}}, {"pk": 38, "model": "rb.content", "fields": {"body": "rs and typography geeks alike will be tickled by the framable riff on lip fuzz. We especially love Mr. Didot (the font name and correspond", "kind": "text", "modified": "2011-05-03 21:19:27", "created": "2011-05-03 21:19:27"}}, {"pk": 39, "model": "rb.content", "fields": {"body": "e a pencil-thin", "kind": "text", "modified": "2011-05-03 21:21:59", "created": "2011-05-03 21:21:59"}}, {"pk": 40, "model": "rb.content", "fields": {"body": "s and typography geeks alike will be tickled by the framable riff on lip fuzz. We especially love Mr. Didot (the font name and correspo", "kind": "text", "modified": "2011-05-03 21:29:24", "created": "2011-05-03 21:29:24"}}, {"pk": 41, "model": "rb.content", "fields": {"body": "riff on lip fuzz. We especially", "kind": "text", "modified": "2011-05-03 21:30:51", "created": "2011-05-03 21:30:51"}}, {"pk": 42, "model": "rb.content", "fields": {"body": "e lovers and typography geeks alike will be tickled by the framable riff on lip fuzz. We especially love Mr. Didot (the font name and corr", "kind": "text", "modified": "2011-05-03 21:31:35", "created": "2011-05-03 21:31:35"}}, {"pk": 43, "model": "rb.content", "fields": {"body": "able riff on lip fuzz. We especially l", "kind": "text", "modified": "2011-05-03 21:32:22", "created": "2011-05-03 21:32:22"}}, {"pk": 44, "model": "rb.content", "fields": {"body": "vers and typography geeks alike will be tickled by the framable riff on lip fuzz. We especially love Mr. Didot (the font name and corresponding image both conjure a pencil-thin fashion worn", "kind": "text", "modified": "2011-05-03 21:32:45", "created": "2011-05-03 21:32:45"}}, {"pk": 45, "model": "rb.content", "fields": {"body": "Though the unnaturally hued delicacy isn\u2019t quite delicious, it\u2019s lovely in a kind of alien way. Mail a pump-up dessert to anyone who delights in bizarre desk accessories.", "kind": "text", "modified": "2011-05-03 22:11:22", "created": "2011-05-03 22:11:22"}}, {"pk": 46, "model": "rb.content", "fields": {"body": "ve the Boerum Hill outpost of this \"quirky\" corner store, but its Upper West Side pop-up (tomorrow through December 24) makes lunch break shopping so much easier. Stuff these irre", "kind": "text", "modified": "2011-05-03 22:30:53", "created": "2011-05-03 22:30:53"}}, {"pk": 47, "model": "rb.content", "fields": {"body": "ove the Boerum Hill outpost of this \"quirky\" corner store, but its Upper West Side pop-up (tomorrow through December 24) makes lunch break sh", "kind": "text", "modified": "2011-05-03 22:59:29", "created": "2011-05-03 22:59:29"}}, {"pk": 48, "model": "rb.content", "fields": {"body": "love the Boerum Hill outpost of this \"quirky\" corner store, but its Upper West Side pop-up (tomorrow through December 24) makes lunch break shopping so much easier. Stuff these irreverent finds in y", "kind": "text", "modified": "2011-05-03 23:32:31", "created": "2011-05-03 23:32:31"}}, {"pk": 49, "model": "rb.content", "fields": {"body": "Though the unnaturally hued delicacy isn\u2019t quite delicious, it\u2019s lovely in a kind of alien way. Mail a pump-up dessert to anyone who delights in bizarre desk accessories", "kind": "text", "modified": "2011-05-03 23:43:14", "created": "2011-05-03 23:43:14"}}, {"pk": 50, "model": "rb.content", "fields": {"body": "24) makes lunch break shopping so mu", "kind": "text", "modified": "2011-05-05 18:35:58", "created": "2011-05-05 18:35:58"}}, {"pk": 51, "model": "rb.content", "fields": {"body": "ging in the shower is for amateurs. Drawing in the shower, now that\u2019s really something. Let aqua Picasso doodle on a blank curtain. Bonus: It\u2019s", "kind": "text", "modified": "2011-05-06 10:45:13", "created": "2011-05-06 10:45:13"}}, {"pk": 52, "model": "rb.content", "fields": {"body": "ly bigger than a postage stamp, even", "kind": "text", "modified": "2011-05-06 10:51:45", "created": "2011-05-06 10:51:45"}}, {"pk": 53, "model": "rb.content", "fields": {"body": "Fun Gift Ideas for Childish Souls", "kind": "text", "modified": "2011-05-06 12:49:06", "created": "2011-05-06 12:49:06"}}, {"pk": 54, "model": "rb.content", "fields": {"body": "5 Fun Gift Ideas fo", "kind": "text", "modified": "2011-05-06 16:07:37", "created": "2011-05-06 16:07:37"}}, {"pk": 55, "model": "rb.content", "fields": {"body": "http://localhost:8080/static/ui-prototype/dailycandy/i/fruit-cake.jpg", "kind": "image", "modified": "2011-05-10 15:53:31", "created": "2011-05-10 15:53:31"}}, {"pk": 1, "model": "rb.container", "fields": {"body": "annie\u2019s blue ribbon general store pop-up, 2408 broadway, between west 88th and west 89th streets (212-877-7733 or blueribbongeneralstore.com).", "hash": "0e6408a35a1a92f1b2882cb8e74f5ecc"}}, {"pk": 2, "model": "rb.container", "fields": {"body": "inflatable fruitcake, $8 though the unnaturally hued delicacy isn\u2019t quite delicious, it\u2019s lovely in a kind of alien way. mail a pump-up dessert to anyone who delights in bizarre desk accessories.", "hash": "d49d05f18369db62f52680c13a75507e"}}, {"pk": 3, "model": "rb.container", "fields": {"body": "5 proper gifts for polished prepsters", "hash": "18fa86d27b2853ebf8d6cf8fd9cccb8d"}}, {"pk": 4, "model": "rb.container", "fields": {"body": "5 gifts for oddballs, green thumbs, and green-thumbed oddballs", "hash": "6b08154e7e65ff963e4e46b06c9857c9"}}, {"pk": 5, "model": "rb.container", "fields": {"body": "we love the boerum hill outpost of this \"quirky\" corner store, but its upper west side pop-up (tomorrow through december 24) makes lunch break shopping so much easier. stuff these irreverent finds in your loved ones\u2019 stockings.", "hash": "cf3677ffb09818b086bc3d6dd53eb1f4"}}, {"pk": 6, "model": "rb.container", "fields": {"body": "shana astrachan jewelry satellite shop opens in the mission", "hash": "1b3e8fb267c9b3324af8b46939b10a7f"}}, {"pk": 7, "model": "rb.container", "fields": {"body": "star gazers kit, $20 the most stars you\u2019ve seen in nyc are on the ceiling of grand central terminal. a telescope in the kitschy kit helps scout constellations, and the cute anim\u00e9 tin doubles as a treasure chest.", "hash": "345c1dfd92c4f46eca2f29adab9ce8cf"}}, {"pk": 8, "model": "rb.container", "fields": {"body": "holiday toys and games from play in logan sqaure", "hash": "24ced368acaa77cfd5c687cc1d0f9cda"}}, {"pk": 9, "model": "rb.container", "fields": {"body": "sweet gifts for stylish gals", "hash": "06724b0af305d97767e98357c64a6e5e"}}, {"pk": 10, "model": "rb.container", "fields": {"body": "5 gifts for free spirits", "hash": "44906b953f785c8e20635ccbc8894c73"}}, {"pk": 11, "model": "rb.container", "fields": {"body": "photo: courtesy of annie\u2019s blue ribbon general store", "hash": "5e95086319ea2fbe9e4816f8bd2c6031"}}, {"pk": 12, "model": "rb.container", "fields": {"body": "good for gifts, pop-up, quirky", "hash": "066bbb08ffcdd0f5ef7d2339d7f10b7a"}}, {"pk": 13, "model": "rb.container", "fields": {"body": "tiny tarot cards, $5.50 barely bigger than a postage stamp, even the hanged man looks less intimidating. aspiring psychics can practice in the smallest of spaces.", "hash": "7e735f21369fc39546bdbaadc953ee4b"}}, {"pk": 14, "model": "rb.container", "fields": {"body": "diy shower curtain, $33 singing in the shower is for amateurs. drawing in the shower, now that\u2019s really something. let aqua picasso doodle on a blank curtain. bonus: it\u2019s more mildew resistant than most plastics.", "hash": "f7eda37fadd84ce1425ff3f77b65d85a"}}, {"pk": 15, "model": "rb.container", "fields": {"body": "a field guide to typestaches, $24 \u2019stache lovers and typography geeks alike will be tickled by the framable riff on lip fuzz. we especially love mr. didot (the font name and corresponding image both conjure a pencil-thin fashion worn by a frenchman).", "hash": "160b03afd5c4d095d1018024965de0f1"}}, {"pk": 1, "model": "rb.interaction", "fields": {"container": 5, "parent": null, "created": "2011-05-05 18:35:58", "modified": "2011-05-05 18:35:58", "interaction_node": 5, "content": 50, "user": 5, "anonymous": false, "page": 1}}, {"pk": 2, "model": "rb.interaction", "fields": {"container": 5, "parent": 1, "created": "2011-05-05 18:36:06", "modified": "2011-05-05 18:36:06", "interaction_node": 13, "content": 50, "user": 5, "anonymous": false, "page": 1}}, {"pk": 3, "model": "rb.interaction", "fields": {"container": null, "parent": null, "created": "2011-05-05 18:37:01", "modified": "2011-05-05 18:37:01", "interaction_node": 5, "content": 2, "user": 5, "anonymous": false, "page": 1}}, {"pk": 4, "model": "rb.interaction", "fields": {"container": null, "parent": null, "created": "2011-05-05 18:37:02", "modified": "2011-05-05 18:37:02", "interaction_node": 4, "content": 2, "user": 5, "anonymous": false, "page": 1}}, {"pk": 5, "model": "rb.interaction", "fields": {"container": null, "parent": null, "created": "2011-05-05 18:37:02", "modified": "2011-05-05 18:37:02", "interaction_node": 3, "content": 2, "user": 5, "anonymous": false, "page": 1}}, {"pk": 6, "model": "rb.interaction", "fields": {"container": null, "parent": null, "created": "2011-05-05 18:37:03", "modified": "2011-05-05 18:37:03", "interaction_node": 6, "content": 2, "user": 5, "anonymous": false, "page": 1}}, {"pk": 7, "model": "rb.interaction", "fields": {"container": null, "parent": 6, "created": "2011-05-05 18:37:07", "modified": "2011-05-05 18:37:07", "interaction_node": 14, "content": 2, "user": 5, "anonymous": false, "page": 1}}, {"pk": 8, "model": "rb.interaction", "fields": {"container": 14, "parent": null, "created": "2011-05-06 10:45:13", "modified": "2011-05-06 10:45:13", "interaction_node": 3, "content": 51, "user": 5, "anonymous": false, "page": 1}}, {"pk": 9, "model": "rb.interaction", "fields": {"container": 13, "parent": null, "created": "2011-05-06 10:51:45", "modified": "2011-05-06 10:51:45", "interaction_node": 3, "content": 52, "user": 5, "anonymous": false, "page": 1}}, {"pk": 10, "model": "rb.interaction", "fields": {"container": 13, "parent": null, "created": "2011-05-06 10:55:55", "modified": "2011-05-06 10:55:55", "interaction_node": 15, "content": 52, "user": 5, "anonymous": false, "page": 1}}, {"pk": 11, "model": "rb.interaction", "fields": {"container": null, "parent": null, "created": "2011-05-06 12:49:06", "modified": "2011-05-06 12:49:06", "interaction_node": 3, "content": 53, "user": 5, "anonymous": false, "page": 1}}, {"pk": 12, "model": "rb.interaction", "fields": {"container": null, "parent": null, "created": "2011-05-06 16:06:25", "modified": "2011-05-06 16:06:25", "interaction_node": 5, "content": 3, "user": 11, "anonymous": false, "page": 1}}, {"pk": 13, "model": "rb.interaction", "fields": {"container": null, "parent": null, "created": "2011-05-06 16:07:27", "modified": "2011-05-06 16:07:27", "interaction_node": 4, "content": 8, "user": 11, "anonymous": false, "page": 1}}, {"pk": 14, "model": "rb.interaction", "fields": {"container": null, "parent": null, "created": "2011-05-06 16:07:37", "modified": "2011-05-06 16:07:37", "interaction_node": 6, "content": 54, "user": 11, "anonymous": false, "page": 1}}, {"pk": 15, "model": "rb.interaction", "fields": {"container": null, "parent": null, "created": "2011-05-06 16:09:00", "modified": "2011-05-06 16:09:00", "interaction_node": 3, "content": 3, "user": 11, "anonymous": false, "page": 1}}, {"pk": 16, "model": "rb.interaction", "fields": {"container": 5, "parent": null, "created": "2011-05-09 12:05:44", "modified": "2011-05-09 12:05:44", "interaction_node": 3, "content": 7, "user": 11, "anonymous": false, "page": 1}}, {"pk": 17, "model": "rb.interaction", "fields": {"container": 14, "parent": null, "created": "2011-05-09 12:05:56", "modified": "2011-05-09 12:05:56", "interaction_node": 5, "content": 2, "user": 11, "anonymous": false, "page": 1}}, {"pk": 18, "model": "rb.interaction", "fields": {"container": 14, "parent": null, "created": "2011-05-09 12:06:03", "modified": "2011-05-09 12:06:03", "interaction_node": 3, "content": 2, "user": 11, "anonymous": false, "page": 1}}, {"pk": 19, "model": "rb.interaction", "fields": {"container": 14, "parent": null, "created": "2011-05-09 12:06:03", "modified": "2011-05-09 12:06:03", "interaction_node": 4, "content": 2, "user": 11, "anonymous": false, "page": 1}}, {"pk": 20, "model": "rb.interaction", "fields": {"container": null, "parent": null, "created": "2011-05-10 15:53:31", "modified": "2011-05-10 15:53:31", "interaction_node": 3, "content": 55, "user": 11, "anonymous": false, "page": 1}}, {"pk": 21, "model": "rb.interaction", "fields": {"container": null, "parent": null, "created": "2011-05-10 15:53:33", "modified": "2011-05-10 15:53:33", "interaction_node": 5, "content": 55, "user": 11, "anonymous": false, "page": 1}}, {"pk": 22, "model": "rb.interaction", "fields": {"container": null, "parent": 21, "created": "2011-05-10 15:53:45", "modified": "2011-05-10 15:53:45", "interaction_node": 16, "content": 55, "user": 11, "anonymous": false, "page": 1}}, {"pk": 1, "model": "rb.socialuser", "fields": {"username": "tyler.j.brock", "bio": "Wars fought, revolutions started, governments run, uprisings quelled, computers verified, tigers tamed, bars emptied.", "uid": "1301954", "gender": "M", "hometown": "New York, New York", "user": 5, "full_name": "Tyler Brock", "provider": "Facebook", "img_url": "http://graph.facebook.com/1301954/picture"}}, {"pk": 2, "model": "rb.socialuser", "fields": {"username": "", "bio": "asdasd", "uid": "100002007406193", "gender": "M", "hometown": "", "user": 11, "full_name": "Aspen Bruckheimer", "provider": "Facebook", "img_url": "http://graph.facebook.com/100002007406193/picture"}}, {"pk": 6, "model": "rb.socialauth", "fields": {"auth_token": "163759626987948|2.9yv7_kpWcawr6MgOksyUYA__.3600.1304704800.1-1301954|f-1ilB86VufvDRf1YIbOtMSB0kU", "expires": "2011-05-06 14:00:00", "social_user": 1}}, {"pk": 9, "model": "rb.socialauth", "fields": {"auth_token": "163759626987948|2.nS25gsuDklvnFf_FTsDPhw__.3600.1305061200.1-100002007406193|TUXdtBKDbU1sKOdWKahQkmdFh_k", "expires": "2011-05-10 17:00:00", "social_user": 2}}]