[{"pk": 1, "model": "rb.interactionnode", "fields": {"body": "Great Idea"}}, {"pk": 2, "model": "rb.interactionnode", "fields": {"body": "Not Sure"}}, {"pk": 3, "model": "rb.interactionnode", "fields": {"body": "For Real?"}}, {"pk": 4, "model": "rb.interactionnode", "fields": {"body": "Cupcakes!"}}, {"pk": 5, "model": "rb.interactionnode", "fields": {"body": "Woof!"}}, {"pk": 6, "model": "rb.interactionnode", "fields": {"body": "Cool"}}, {"pk": 7, "model": "rb.interactionnode", "fields": {"body": "ok, yeah, adorable."}}, {"pk": 8, "model": "rb.interactionnode", "fields": {"body": "epic"}}, {"pk": 9, "model": "rb.interactionnode", "fields": {"body": "ok, yeah, adorable"}}, {"pk": 10, "model": "rb.interactionnode", "fields": {"body": "Well, I'm a little biased I guess"}}, {"pk": 11, "model": "rb.interactionnode", "fields": {"body": "so true"}}, {"pk": 12, "model": "rb.interactionnode", "fields": {"body": "pretty fantastic"}}, {"pk": 13, "model": "rb.interactionnode", "fields": {"body": "preposterous"}}, {"pk": 14, "model": "rb.interactionnode", "fields": {"body": "Puppies rule!"}}, {"pk": 15, "model": "rb.interactionnode", "fields": {"body": "I've always wanted to comment on pictures. Now I can with readrboard.com"}}, {"pk": 16, "model": "rb.interactionnode", "fields": {"body": "You meant bongiorno, no?"}}, {"pk": 17, "model": "rb.interactionnode", "fields": {"body": "Lightweight, engaging, splendid."}}, {"pk": 18, "model": "rb.interactionnode", "fields": {"body": "Nice to meat u"}}, {"pk": 19, "model": "rb.interactionnode", "fields": {"body": "Only connect with Facebook? Could you add another option?"}}, {"pk": 20, "model": "rb.interactionnode", "fields": {"body": "me likey\n"}}, {"pk": 21, "model": "rb.interactionnode", "fields": {"body": "We will, soon."}}, {"pk": 22, "model": "rb.interactionnode", "fields": {"body": "It's the funniest way to say hello!"}}, {"pk": 23, "model": "rb.interactionnode", "fields": {"body": "Great intro video"}}, {"pk": 24, "model": "rb.interactionnode", "fields": {"body": "Bug"}}, {"pk": 25, "model": "rb.interactionnode", "fields": {"body": "no readrboard icons pop up when you highlight across paragraphs"}}, {"pk": 26, "model": "rb.interactionnode", "fields": {"body": "Would Prefer Kitten"}}, {"pk": 27, "model": "rb.interactionnode", "fields": {"body": "we get signal"}}, {"pk": 28, "model": "rb.interactionnode", "fields": {"body": "main screen turn on"}}, {"pk": 29, "model": "rb.interactionnode", "fields": {"body": "Cute,."}}, {"pk": 30, "model": "rb.interactionnode", "fields": {"body": "Cute"}}, {"pk": 31, "model": "rb.interactionnode", "fields": {"body": "Love seeing other reader's thoughts using Readrboard."}}, {"pk": 32, "model": "rb.interactionnode", "fields": {"body": "Michael, thanks -- that is actually by design - for technical reasons, and also, to encourage reactions to stay more focused."}}, {"pk": 33, "model": "rb.interactionnode", "fields": {"body": "Acquisition target"}}, {"pk": 34, "model": "rb.interactionnode", "fields": {"body": "Apple offers $76 billion cash to buy Readrboard.  Readrboard says no, waiting for better deal.  Hires Jerry Yang as strategic consultant."}}, {"pk": 35, "model": "rb.interactionnode", "fields": {"body": "It's not hello... it's Bonjourno."}}, {"pk": 36, "model": "rb.interactionnode", "fields": {"body": "awesome"}}, {"pk": 37, "model": "rb.interactionnode", "fields": {"body": "Chicks"}}, {"pk": 38, "model": "rb.interactionnode", "fields": {"body": "always saying stuff"}}, {"pk": 39, "model": "rb.interactionnode", "fields": {"body": "asdf"}}, {"pk": 40, "model": "rb.interactionnode", "fields": {"body": "feeeeee"}}, {"pk": 41, "model": "rb.interactionnode", "fields": {"body": "this is a great idea"}}, {"pk": 42, "model": "rb.interactionnode", "fields": {"body": "That is a face that will sell millions!!!"}}, {"pk": 43, "model": "rb.interactionnode", "fields": {"body": "Love the voice in the video! Quite charming."}}, {"pk": 44, "model": "rb.interactionnode", "fields": {"body": "this worked in IE 9"}}, {"pk": 45, "model": "rb.interactionnode", "fields": {"body": "from IE 9"}}, {"pk": 46, "model": "rb.interactionnode", "fields": {"body": "More Cute Dogs"}}, {"pk": 47, "model": "rb.interactionnode", "fields": {"body": "So True."}}, {"pk": 48, "model": "rb.interactionnode", "fields": {"body": "My dog is better looking and should be featured here!"}}, {"pk": 49, "model": "rb.interactionnode", "fields": {"body": "i like"}}, {"pk": 50, "model": "rb.interactionnode", "fields": {"body": "Yeah, cats > dogs when lulz are at stake."}}, {"pk": 51, "model": "rb.interactionnode", "fields": {"body": "this dog is lame\n"}}, {"pk": 52, "model": "rb.interactionnode", "fields": {"body": "because..."}}, {"pk": 53, "model": "rb.interactionnode", "fields": {"body": "Why, thank you!"}}, {"pk": 54, "model": "rb.interactionnode", "fields": {"body": "Overachieving."}}, {"pk": 55, "model": "rb.interactionnode", "fields": {"body": "fascinating"}}, {"pk": 56, "model": "rb.interactionnode", "fields": {"body": "what else?"}}, {"pk": 57, "model": "rb.interactionnode", "fields": {"body": "You can also rate videos."}}, {"pk": 58, "model": "rb.interactionnode", "fields": {"body": "because everyone loves puppies"}}, {"pk": 59, "model": "rb.interactionnode", "fields": {"body": "meta"}}, {"pk": 60, "model": "rb.interactionnode", "fields": {"body": "starwars"}}, {"pk": 61, "model": "rb.interactionnode", "fields": {"body": "Sounds German."}}, {"pk": 62, "model": "rb.interactionnode", "fields": {"body": "love old-school michael caine accent"}}, {"pk": 63, "model": "rb.interactionnode", "fields": {"body": "i would actually consider this very full-featured so far.  it's got a lot of stuff in the beta!"}}, {"pk": 64, "model": "rb.interactionnode", "fields": {"body": "how can I see other custom tags people have added?"}}, {"pk": 65, "model": "rb.interactionnode", "fields": {"body": "Test"}}, {"pk": 66, "model": "rb.interactionnode", "fields": {"body": "Test 1"}}, {"pk": 67, "model": "rb.interactionnode", "fields": {"body": "Test 2"}}, {"pk": 68, "model": "rb.interactionnode", "fields": {"body": "image?"}}, {"pk": 69, "model": "rb.interactionnode", "fields": {"body": "Holla"}}, {"pk": 70, "model": "rb.interactionnode", "fields": {"body": "Cool van brah"}}, {"pk": 71, "model": "rb.interactionnode", "fields": {"body": "Not Sure If Want"}}, {"pk": 72, "model": "rb.interactionnode", "fields": {"body": "woot"}}, {"pk": 73, "model": "rb.interactionnode", "fields": {"body": "i said so"}}, {"pk": 74, "model": "rb.interactionnode", "fields": {"body": "impressive!"}}, {"pk": 75, "model": "rb.interactionnode", "fields": {"body": "it just is"}}, {"pk": 76, "model": "rb.interactionnode", "fields": {"body": "That's me!"}}, {"pk": 77, "model": "rb.interactionnode", "fields": {"body": "that reminds me..."}}, {"pk": 78, "model": "rb.interactionnode", "fields": {"body": "of the old joke about going to library after lunch and listen to the readers digest"}}, {"pk": 79, "model": "rb.interactionnode", "fields": {"body": "haha, whoever tagged this \"meta\" first - nice.  Btw, I also realize we're missing a vote-up/agree button for previous reactions on media - we'll have to get that in."}}, {"pk": 80, "model": "rb.interactionnode", "fields": {"body": "yy"}}, {"pk": 81, "model": "rb.interactionnode", "fields": {"body": "This is a comment"}}, {"pk": 82, "model": "rb.interactionnode", "fields": {"body": "someone set us up the bomb"}}, {"pk": 83, "model": "rb.interactionnode", "fields": {"body": "N****r."}}, {"pk": 84, "model": "rb.interactionnode", "fields": {"body": "humor"}}, {"pk": 1, "model": "rb.feature", "fields": {"images": true, "text": true, "flash": true}}, {"pk": 2, "model": "rb.feature", "fields": {"images": false, "text": true, "flash": true}}, {"pk": 3, "model": "rb.feature", "fields": {"images": true, "text": false, "flash": true}}, {"pk": 4, "model": "rb.feature", "fields": {"images": false, "text": false, "flash": true}}, {"pk": 5, "model": "rb.feature", "fields": {"images": true, "text": true, "flash": false}}, {"pk": 6, "model": "rb.feature", "fields": {"images": true, "text": false, "flash": false}}, {"pk": 7, "model": "rb.feature", "fields": {"images": false, "text": true, "flash": false}}, {"pk": 8, "model": "rb.feature", "fields": {"images": false, "text": false, "flash": false}}, {"pk": 3, "model": "rb.group", "fields": {"comment": 1, "logo_url_sm": "http://dev.readrboard.com/static/demo/images/dc_logo_sm.png", "twitter": "dailycandy", "share": 1, "rate": 1, "css_url": "", "logo_url_lg": "http://dev.readrboard.com/static/demo/images/dc_logo_lg.png", "requires_approval": false, "img_whitelist": "", "img_blacklist": "", "temp_interact": 5, "bookmark": 1, "no_readr": "", "secret": "secret123%awesome%test!", "blessed_tags": [1, 2, 3, 4], "short_name": "dc", "anno_whitelist": "p,img", "logo_url_med": "", "search": 1, "name": "Daily Candy", "language": "en", "word_blacklist": "fuck"}}, {"pk": 1, "model": "rb.group", "fields": {"comment": 1, "logo_url_sm": "demo/images/rb_logo_sm.png", "twitter": "ReadrBoard", "share": 1, "rate": 1, "css_url": "", "logo_url_lg": "demo/images/rb_logo_lg.png", "requires_approval": false, "img_whitelist": "", "img_blacklist": "", "temp_interact": 5, "bookmark": 1, "no_readr": "", "secret": "secret123%awesome%test!", "blessed_tags": [1, 2, 3, 6], "short_name": "demo", "anno_whitelist": "p,img,ul li", "logo_url_med": "", "search": 1, "name": "ReadrBoard's Demo", "language": "en", "word_blacklist": "fuck, shit, cock, cunt, balls, nigger, asshole"}}, {"pk": 2, "model": "rb.group", "fields": {"comment": 1, "logo_url_sm": "demo/images/dog_daily_logo_sm.png", "twitter": "TheDogDaily", "share": 1, "rate": 1, "css_url": "", "logo_url_lg": "demo/images/dog_daily_logo_lg.png", "requires_approval": false, "img_whitelist": "", "img_blacklist": "", "temp_interact": 5, "bookmark": 1, "no_readr": "", "secret": "secret123%awesome%test!", "blessed_tags": [1, 2, 3, 5], "short_name": "studio-one", "anno_whitelist": "p,img", "logo_url_med": "", "search": 1, "name": "Studio One", "language": "en", "word_blacklist": "\\$cum,\\$HIT,\\$hittie,\\(ock,\\*\\*\\*\\*head,\\*C\\*U\\*N\\*T\\*,\\*unt,\\.f\\ uc\\ k,\\@r\\$e,\\@r\\$e\\.,\\@rse,\\@rsehol,\\@rsehole,\\@rses,\\@unt,\\@unt\\!,\\[UNT,\\[UNTs,\\{UNT,\\<\\ unt,\\<\\*\\*\\*s,\\<\\*\\*t,\\<\\*\\*ts,\\<\\*\\*t\\'s,\\<\\*nt,\\<\\.unt,\\<loth\\ head,\\<lothhead,\\<nuts,\\<o\\(k,\\<o\\<\\&nbsp\\;k,\\<o\\<ksu\\<ka,\\<o\\<ksu\\<ker,\\<oon,\\<u\\&nbsp\\;nt,\\<u\\&nbsp\\;nts,\\<u\\*t,\\<unt,\\<unting,\\<unts,\\<unt\\'s,\\<vnt,\\<vnts,3rse,5h1te,81tch,8itch,a\\$\\$,A\\$\\$hole,A\\$\\$hole\\$,A\\$\\$holes,a\\*\\*\\*,A\\*\\*e,A\\*\\*es,a\\.rse,a\\?sehole,A\\+\\*hole,alcoholic,Alky,allegations,anus,ar\\ se,ar\\$e,ar\\$ehole,Ar\\$hole,Ar\\$holes,ar\\.se,ar5e,ar5e\\.,ar5ewipe,ar5h0le,ar5h0les,arrested,ars3,arse,arse\\ bandit,arse\\ hole,arsebandits,arsebandits\\.,arseh0le,arseh0les,Arseho,arsehol,arsehole,arseholes,arse\\-holes,arsewipe,arsh0le,arshole,arsholes,ASBOs,ashole,asre,ass\\ h0le,ass\\ hole,assault,assaulted,assaults,assh0le,assh0les,asshole,assholes,assult,assulted,b\\ a\\ s\\ t\\ a\\ r\\ d,b\\ a\\ s\\ t\\ a\\ rds,B\\!g\\ Jock,b\\*ll\\*cks,B\\*ll\\*ck\\'s,b\\*st\\*\\&rd,b\\*st\\*\\&rds,b\\*stards,b\\.astard,B\\.J\\.K,B\\.J\\.K\\.,b\\.ollocks,b\\.ugger,b\\@ll\\@cks,b\\@st\\@rd,b\\@st\\@rds,b0\\/\\/0cks,b00tha,b00thas,b0110ck,b0110cks,b0ll0cks,B0llocks,b1tch,b3llend,Backdoor\\ bandits,Balls\\ Deep,Balls\\ Deep\\!,ballsack,banned\\ me,bar\\ steward,bas\\ tards,Bas\\*ards,bastard,bastards,basterd,Bastrds,batty\\ boy\\?,batty\\&nbsp\\;boi,batty\\&nbsp\\;boy,baw\\ bag,bawbag,Beef\\ curtains,belend,bell\\ end,bell\\.end,bellend,bell\\-end,Big\\ J0ck,BIG\\ JOCK,Big\\ Jock\\ did\\ know,BIG\\ JOCK\\ knew,Bin\\ Dip\\ pers,bin\\ dippers,bin\\ dipping,bin\\-dippers,BJ,BJK,BJK\\?,black\\ mail,blackmail,blackmailer,bo\\*\\*\\*\\*ks,bo11ocks,Boll0cks,bollocks,bollox,bolocks,bolox,Bomb,Bombing,boning,bootha,boothas,bribe,bribed,bribes,brothel,bu\\ min,bugger,Bukkake,Bulger,bull5h1tt1ng,Bullsh\\!t,bum\\ bandit,bum\\ bandits,bum\\ hole,bumbandit,bum\\-bandit,bumh0l3,bumh0le,bumhol3,bumhole,bummers,bun,bun\\.,bung,bungs,buns,Buying\\ coke,c\\ nuts,c\\ o\\ k,c\\ u\\ n\\ t,C\\ U\\ N\\ T\\.,c\\ unt,c\\ unt\\.,c\\#nt,C\\&nbsp\\;u\\&nbsp\\;n\\&nbsp\\;t,C\\*\\&TS,c\\*\\*\\*,c\\*\\*\\*s,C\\*\\*\\*Ts,c\\*\\*k,C\\*\\*t,C\\*\\*ts,C\\*\\*t\\'s,c\\*nt,c\\.u\\.n\\.t,c\\.unt,c\\.untyb\\.ollocks,c\\@\\#t,c\\@Nts,C\\_u\\_n\\_t,c00n,c0ck,C0cksucka,C0cksucker,c9nt,cahnt,cahnts,cannabis,cannabis\\.,Cannibis,cant\\'s,CASH\\ PRIZE,cash\\ prizes,ceej,Chaventry,cheat,cheated,cheater,cheating,Cheating\\.,cheats,CHELSCUM,child\\ abuse,Chinkies,Chinky,clit,closet,Cloth\\ head,Clothhead,clucking\\ funt,cnut,cnuts,Co\\(k,coc\\&nbsp\\;k,Cocaine,cock,cockfaced,cockh3ad,cockhead,Cocksucka,Cocksucker,Cocksuckers,Cocksuckers\\.,Cok,coke,Colombian\\ stuff,communities\\@bbc\\.co\\.uk,conspiring,coon,corrupt,corruption,cr\\*p,cr3tin,creatin,cretin,cretins,cripple,cu\\&nbsp\\;nt,cu\\&nbsp\\;nts,cu\\*t,cum,Cunt,c\\-u\\-n\\-t,cunting,Cunts,Cunt\\'s,Currant\\ Buns,Current\\ Bun,Current\\ Buns,cvnt,cvnts,d\\&ugs,D\\*\\*khead,d\\*c,d\\*ckhead,d\\*ckheads,d1ck,D1ck\\!,d1ckH\\@ed,darkie,darky,death\\ camp,defraud,deserve\\ to\\ die,deserve\\ to\\ die\\.,dhick,dick,dick\\&nbsp\\;head,dickhead,dicks,died,diklik,dippers,Dogshit,DOLE\\ MONKEYS,dope,drug,druggie,druggy,drugs,Duke\\ of\\ Edinburgh,dumba\\$\\$,dumbfuck,dumbfucker,Dxxkhead,effin,efkin,ejaculate,ejaculating,enter\\ free\\ at,ENTRIES\\ CLOSE\\ AT,envelope,er3e,erse,ethnics,f\\ \\*\\*\\*,f\\ \\*\\*k,F\\ A\\ G\\!,F\\ all,f\\ c\\ u\\ k\\ off\\.,f\\ ck,f\\ cker,f\\ cking,F\\ o\\ a\\ d,F\\ off,F\\ OFFBBC,f\\ right\\ off,F\\ U\\ \\-\\ C\\ K,f\\ u\\ c\\ k,f\\ u\\ c\\ ked,f\\ uc\\ k,f\\ uc\\ king,f\\ uck,F\\-\\ u\\-c\\-k,f\\ ucking,f\\!ck,f\\#\\#\\#,F\\#\\#\\#ing,f\\#\\#k,f\\#\\#king,f\\#ck,f\\#cked,F\\$cks,F\\%\\$K,f\\%\\$king,f\\&nbsp\\;cked,f\\&nbsp\\;u\\&nbsp\\;c\\&nbsp\\;k,f\\&nbsp\\;uck,f\\&nbsp\\;ucker,f\\&nbsp\\;ucking,f\\(\\)\\(\\)k,f\\(\\)\\(\\)ker,f\\(\\)\\(\\)king,F\\(\\)ck\\ you,f\\(\\)ckers,f\\(\\)ckers\\.,f\\(\\)ckin,F\\*\\ \\*K,f\\*\\ ck,f\\*\\#kin\\',f\\*\\&k,f\\*\\&k\\!ng,f\\*\\(\\),f\\*\\*\\*,F\\*\\*\\*\\*\\*,F\\*\\*\\*\\*\\*\\*,f\\*\\*\\*\\*\\*g,f\\*\\*\\*\\*d,f\\*\\*\\*ed,f\\*\\*\\*in,f\\*\\*\\*ing,f\\*\\*ing,f\\*\\*k,f\\*\\*ked,f\\*\\*ker,f\\*\\*kin,f\\*\\*king,f\\*\\*ks,f\\*c\\*,f\\*c\\*in,f\\*ck,f\\*ckin,F\\*CKING,F\\*k,f\\*ked,f\\*ker,f\\*ks,f\\*uck,F\\*uk,F\\.O\\.A\\.D,F\\.O\\.A\\.D\\.,f\\.u\\.c\\.k\\.,f\\.uck,f\\@\\&\\*ing,F\\@\\@\\@IN,F\\@\\@\\@ING,f\\@\\@k,f\\@ck,f\\@ckin,f\\@g,f\\@gs,f\\@uk,f\\[\\_\\]cker,f\\[\\_\\]cking,f\\^\\(k,f\\^\\^k,f\\^\\^ked,f\\^\\^ker,f\\^\\^king,f\\^ck,f\\^cker,f\\^cking,f\\_\\_kin,f\\_\\_king,f\\<uk,F\\>\\>K,f00ck,f00cking,f00k,f00ked,f0oked,F0YS,f3ck,f3cking,fa\\ g,fa\\ g\\.,Fa\\*\\*ck,Fack,Fackin,facking,fackk,faeces,fag,fag\\!,fag\\.,fagg0t,Faggits,faggot,faggoty,fagit,Fagits,fags,false\\ accounting,fanny,fark,favourite\\ album,favourite\\ LP,fc\\*king,fck,F\\'ck,fck\\&nbsp\\;ing,fck1ng,fckeud,Fckin,fcking,fcks,fckw1t,fckwit,fcuk,f\\-cuk,fcuked,fcuker,fcukin,fcuking,fcuks,feaces,featuring\\ the\\ best,feck,feckin,fecking,f\\-\\-\\-ed,FEHCK,FEHCKS,fekking,felch,felched,Felching,feltch,feltcher,feltching,fen\\ ian,f\\-\\-\\-\\-\\-g,FIA\\ President,f\\'ing,F\\-ing,f\\-\\-\\-ing,fixed\\ match,fk,f\\'k,f\\-\\-k,fkcin,fkin,fking,flange,FLOCKING,flooking,Fluck,Flucking,fo\\ okin,fo0ked,FOAD,F\\-o\\-a\\-d,F\\-OFF,FOFFBBC,Fook,fookd,fooked,Fooker,fookin,FOOKIN\\',Fooking,football\\ for\\ free,footballonsat,footballonsat\\.com,Foxtrot\\ oscar,FOYS,fraud,fraudulant,fraudulent,free\\ ipod,Free\\ PS3,free\\ xbox,frig,frigging,frigin,friging,frogs,fu\\ \\<k,fu\\ c\\ king,fu\\ cking,FU\\ KKED,FU\\&KIN,FU\\&KING,fu\\&nbsp\\;ck,fu\\&nbsp\\;cked,fu\\&nbsp\\;cker,fu\\&nbsp\\;cking,fu\\(k,FU\\(KER,FU\\(KERs,fu\\*\\*ed,fu\\*k,fu\\.ck,fu\\@k,fu\\@ker,FU\\[IN,fu\\^k,fu\\^ker,fu\\^king,fu\\{in,Fu\\~\\*king,fu\\<\\ kin,fu\\<k,F\\-u\\-\\<\\-k,fu\\<ked,fu\\<ker,fu\\<kin,fu\\<king,fu\\<kker,fu\\<kr,fu\\<ks,fuc,fuc\\&nbsp\\;ked,fuc\\&nbsp\\;ker,fuc\\&nbsp\\;king,fucck,fuck,F\\'uck,f\\-uck,f\\-u\\-ck,fuck\\&nbsp\\;ed,fuck\\&nbsp\\;ing,fucke\\&nbsp\\;d,fucked,fucker,fuckers,fucki\\&nbsp\\;ng,fuckin,fucking,fuckinghell,fuckk,fucks,Fuckup,fuckw1t,fuckwit,fuck\\-wit,fucw1t,fucwit,fud,Fudge\\ p\\@cker,fudge\\ packer,fudge\\_packer,fudge\\_packers,fudgep\\@cker,Fudge\\-p\\@cker,fudgepacker,Fudge\\-packer,fudge\\-packers,Fudgpacker,fuds,fu\\-\\-ing,fuk,fukced,fuked,fuker,fukin,fuking,fukk,fukked,fukker,fukkin,fukking,fuks,fukwit,fuukn,fvck,Fvckup,Fvck\\-up,fvckw1t,fvckwit,fvk,gang\\ bang,gangbang,gang\\-bang,gash,gay,gayboys,gayhole,genitalia,gimp,girlie\\-gardening,giro,giros,gob4h1te,Gobshite,golden\\ shower,got\\ me\\ banned,Gypo,Gypos,Gyppo,Gyppos,gypsies,gypsy,H\\ O\\ M\\ O,H\\ un,h0m0,h0mo,ham\\ shank,hash,having\\ it\\ off\\ with,hitler,homo,homosexual,hooker,hookers,hotbud\\-hotspot,hotbud\\-hotspot\\.blogspot\\.com\\/,http\\:\\/\\/442forums\\.net,http\\:\\/\\/442forums\\.net\\/forums,http\\:\\/\\/442forums\\.net\\/forums\\/,http\\:\\/\\/ffe\\.createmybb\\.com\\/member\\.php\\?action\\=regist,http\\:\\/\\/i175\\.photobucket\\.com\\/albums\\/w153\\/johnnydanc,http\\:\\/\\/livefooty\\.doctor\\-serv\\.com,http\\:\\/\\/livefooty\\.doctor\\-serv\\.com\\/,http\\:\\/\\/naz22\\.myminicity\\.com,http\\:\\/\\/naz22\\.myminicity\\.com\\/sec,http\\:\\/\\/news\\.ninemsn\\.com\\.au\\/article\\.aspx\\?id\\=312659,http\\:\\/\\/nextgenpes\\.proboards56\\.com,http\\:\\/\\/nonstopsoccer\\.proboards83\\.com,http\\:\\/\\/onerugbyleague\\.proboards76\\.com\\/index\\.cgi\\#ge,http\\:\\/\\/racehorseheros\\.myfreeforum\\.org\\/about900\\.htm,http\\:\\/\\/sawdonia\\.myminicity\\.com,http\\:\\/\\/sawdonia\\.myminicity\\.com\\/,http\\:\\/\\/sawdonia\\.myminicity\\.com\\/tra,http\\:\\/\\/stadskanaal\\-1\\.myminicity\\.com,http\\:\\/\\/stadskanaal\\-1\\.myminicity\\.com\\/,http\\:\\/\\/stadskanaal\\-1\\.myminicity\\.com\\/ind,http\\:\\/\\/stadskanaal\\-1\\.myminicity\\.com\\/tra,http\\:\\/\\/tw\\-kent\\.myminicity\\.com,http\\:\\/\\/tw\\-kent\\.myminicity\\.com\\/,http\\:\\/\\/woodzone\\.myminicity\\.com,http\\:\\/\\/woodzone\\.myminicity\\.com\\/,http\\:\\/\\/woodzone\\.myminicity\\.com\\/com,http\\:\\/\\/woodzone\\.myminicity\\.com\\/ind,http\\:\\/\\/woodzone\\.myminicity\\.com\\/sec,http\\:\\/\\/www\\.clickcaster\\.com\\/warriorfm,http\\:\\/\\/www\\.communities\\.com,http\\:\\/\\/www\\.communities\\.com\\/,http\\:\\/\\/www\\.edwardmitterrand\\.com\\/artists\\/Slow\\%20Bur,http\\:\\/\\/www\\.ekhichdi\\.com\\/,http\\:\\/\\/www\\.ekhichdi\\.com\\/index\\.php\\?board\\=41\\.0,http\\:\\/\\/www\\.ekhichdi\\.com\\/index\\.php\\?topic\\=33\\.0,http\\:\\/\\/www\\.ffe\\.createmybb\\.com,http\\:\\/\\/www\\.ffe\\.createmybb\\.com\\/,http\\:\\/\\/www\\.footballonsat\\.com,http\\:\\/\\/www\\.footballonsat\\.com\\/,http\\:\\/\\/www\\.footballstreaming\\.info,http\\:\\/\\/www\\.nonstopsoccer\\.proboards83\\.com,http\\:\\/\\/www\\.proevoeliteleagues\\.co\\.uk\\/forums\\/,http\\:\\/\\/www\\.scrum\\-5\\.co\\.uk,http\\:\\/\\/www\\.scrum\\-5\\.co\\.uk\\/,http\\:\\/\\/www\\.thesillypoint\\.com\\/forum,http\\:\\/\\/www\\.thesillypoint\\.com\\/forum\\/,http\\:\\/\\/www\\.xperteleven\\.com\\/,hun,HUN\\.,huns,hvn,hvns,I\\ was\\ banned,illicit,inbr3d,inbr3ds,inbred,inbred\\!\\!,inbred\\!\\!\\!,inbred\\.,inbreded,inbreds,inbreds\\!,inbreds\\!\\!,inbreds\\.,IRA,IRA\\.,IRA\\'s,ITies,J\\ Stein,jizz,Jock\\ knew\\.,Jock\\ Stein,join\\ FFE,juanker,juanker\\.,juankers,juankers\\.,jungle\\ bunny,JUNKIE,K\\*\\*t,k\\@ffir,k\\@ffirs,k\\@fir,k\\@firs,k0k,Kaf1r,Kaff1r,Kaffir,Kaffirs,Kafir,Kafirs,kafr,kant,kants,Khunt,kiddie\\ fiddler,kiddie\\ fiddling,kiddie\\-fiddler,kiddie\\-fiddling,\\'kiddyfiddler\\',kike,kitbag\\.com,kn\\*\\ b,kn0b,kn0bhead,knob,knob\\&nbsp\\;head,Knobber,knobhead,knobhound,kraut,Kunt,kyke,L\\ m\\ f\\ a\\ o,L\\.m\\.f\\.a\\.o,L\\.m\\.f\\.a\\.o\\.,Large\\ Jock,Liar,Lie,Lied,live\\ streaming,live\\ streams,livefooty,LiveFooty\\-,LiveFooty\\-\\ 9,livefooty\\ dot\\ doctor\\-serv\\.com\\/,livefooty\\.doctor\\-serv,livefooty\\.doctor\\-serv\\.com,livefooty\\.doctor\\-serv\\.com\\/,livefooty9,LiveFooty\\-9,Lmfa0,Lmfao,Lying,m\\.inge,M\\.otherf\\.ucker,m0r0n,m0r0ns,m0ron,m0rons,M1nge,maggot,maggots,manure,manures,marajuana,marching\\ powder,match\\ fixing,match\\-fixing,maw,maws,Max,maxine\\ carr,McNumpty,Minge,mod,moderat0rs,moderator,moderators,mods,mof\\*\\*ker,mof\\*\\*kers,mofo,mofuccer,mofucker,mofuckers,mofucking,mofukcer,mohterf\\*\\*ker,mohterf\\*\\*kers,mohterf\\*kcer,mohterfuccer,mohterfuccers,mohterfuck,mohterfucker,mohterfuckers,mohterfucking,mohterfucks,mohterfuk,mohterfukcer,mohterfukcers,mohterfuking,mohterfuks,mor0n,mor0ns,moron,morons,Mosley,moterf\\*\\*ker,moterfuccer,moterfuck,moterfucker,moterfuckers,moterfucking,moterfucks,mothaf\\*\\*k,mothaf\\*\\*ker,mothaf\\*\\*kers,mothaf\\*\\*king,mothaf\\*\\*ks,mothafuccer,mothafuck,Mothafucka,motha\\-fucka,mothafucker,mothafuckers,mothafucking,mothafucks,mother\\ f\\-\\-\\-ers,motherf\\*\\*ked,Motherf\\*\\*ker,Motherf\\*\\*kers,Motherfuccer,Motherfuccers,Motherfuck,motherfucked,Motherfucker,Motherfuckers,Motherfucking,Motherfucks,motherfukkker,mthaf\\*\\*ka,mthafucca,mthafuccas,mthafucka,mthafuckas,mthafukca,mthafukcas,muff,muff\\-diver,muff\\-diving,muffs,murder,murdered,murdering,muth\\@fucker,muthaf\\*\\*k,muthaf\\*\\*ker,muthaf\\*\\*kers,muthaf\\*\\*king,muthaf\\*\\*ks,muthafuccer,muthafuck,muthafuck\\@,Muthafucka,muthafucker,muthafuckers,muthafucking,muthafucks,Muthafukas,n0b,N1gger,N1ggers,narcotics,naz22\\.myminicity\\.com,naz22\\.myminicity\\.com\\/,nazi,nazis,nazist,neds,nextgenpes\\.proboards56\\.com,nig\\ nog,niga,nigga,niggaz,Nigger,niggers,nignog,nig\\-nog,nob,nob\\&nbsp\\;head,Nobhead,nonce,nonce\\.,nonstopsoccer\\.proboards83\\.com,Ntini,Ntini77,ogrish\\.com,orgy,p\\!ss,P\\*\\$\\$,p\\*\\*\\*es,p\\*\\*i,p\\*ki,P\\*ss,p\\.iss\\-flaps,p\\@ki,p\\@kis,p00f,p00fs,p00fter,p00fters,p0of,p155,p88f,p88f\\!,paddy,paedos,pak1,paki,pakis,Pat\\ Lampards,Pat\\ Lampard\\'s,peado,pearl\\ necklace,pedo,pench0d,pench0ds,penchod,penchods,Perryman,perv,perv\\.,pervert,perverts,pervs,phanny,phanny\\.,pheck,phecking,phelching,pheque,phequing,Philip\\ the\\ greek,Phillip\\ the\\ greek,phookin,Phuck,Phucker,phuckin,Phucking,Phucks,Phuk,phuque,pi\\$\\$ed,pikey,pillow\\ biter,pillowbiter,pillow\\-biter,pills,pimp,pis5,piss\\ head,Piss\\ off,Pissflaps,pl\\$\\$,Plastic,plastic\\ fan,plastic\\ fan\\!,Play\\ PES\\ 2008,po0f,poff,ponce,ponces\\!,Poo\\ stabber,Poo\\ stabbers,poof,poofs,poofter,porn,pr\\ ick,pr\\!ck,pr\\!ck\\.,pr\\*\\(k,pr\\*\\(k\\.,pr\\*ck,pr\\*ck\\.,pr\\*ck\\?,pr1ck,Pr1ck\\!,Pr1cks,Pr1cks\\!,pr1k,pr1ks,prick,Prik,Prince\\ Philip,Prince\\ Phillip,proboards83,proboards83\\.com,prossies,prostitute,prostitutes,prozzies,pu\\$\\$y,PUFF,puffs,puffs\\.,pussy,pwick,Pwick\\.,queen,queer,queers,Quim,Quim\\.,r3tard,r3tarded,racehorseheros\\.myfreeforum\\.org\\/about900\\.html,raghead,ragheads,rape,raped,rapist,rapists,REGISTER\\ TODAY,re\\-register,ret\\@rd,retard,retarded,retarded\\.,rim\\ job,rimming,s\\-\\ c\\-v\\-m,S\\&M,s\\&um,S\\(um,s\\*\\*\\*\\*\\.,s\\*\\*m,s\\*\\*te,S\\*um,s\\.hit,S1ut,sadomasochistic,sado\\-masochistic,sausage\\ jockey,sc\\ u\\ m\\!,sc\\ um,sc\\*m,Scat,scu\\/\\\\\\/\\\\,scum,scumbags,Scumchester,scumm,scumm\\!,Selling\\ Coke,sexual,sh\\ hit,Sh\\!t,sh\\!te,sh\\!tes,sh\\&te,sh\\*\\ te,Sh\\*\\*\\*ng,sh\\*t,sh\\*thead,sh\\*theads,sh1t,sh1\\'t,sh1te,sh1thead,sh1theads,shady\\ backroom\\ dealings,shady\\ dealings,shag,SHAGGERS,shat,SHEEP,sheep\\ l0ver,sheep\\ l0vers,Sheep\\ lover,Sheep\\ lovers,SHEEP\\ SHAGGERS,sheepl0ver,sheep\\-l0ver,sheepl0vers,sheep\\-l0vers,Sheeplover,Sheep\\-lover,sheep\\-lovers,SHEEPSHAGGERS,SHEEP\\-SHAGGERS,sheet\\ head,sheet\\ heads,sheethead,sheetheads,shirtlifter,shirt\\-lifter,shirtlifters,shirt\\-lifters,Shit\\ stabber,Shit\\ stabbers,shitstabber,shitstabbers,shut\\ the\\ F\\ up,shyte,Sinn\\ Fein,Sinn\\ Fein\\'s,skank,skum,skunk,sl\\ uts,slag,slanderyou2\\.blogspot\\.com,slapper,slut,smack,Snorting\\ coke,Soccer\\ Live2,spastic,spaz,spaz\\.,sphincter,spic,spit\\ roasting,spitroast,spit\\-roast,spit\\-roasting,spit\\-roasts,spliff,spunk,spunking,stadskanaal\\-1\\.myminicity\\.com,Steal,Stealing,Stole,Stolen,suck\\ my\\ balls,suck\\ my\\ balls\\!,suck\\ my\\ balls\\!\\!,suing,t\\ w\\ a\\ t,t\\ wat,t\\!ts,t\\&nbsp\\;w\\&nbsp\\;a\\&nbsp\\;t,t\\&nbsp\\;w\\&nbsp\\;a\\&nbsp\\;t\\&nbsp\\;s,t\\*\\*t,t\\*sser,t\\*w\\*a\\*t,t\\.wat,t0\\$\\$er,t055er,T0ss3r,T0ss3rs,t0sser,t0ssers,ta\\ rt,taigs,taigs\\.,take\\ it\\ up\\ the,takes\\ it\\ up\\ the,taking\\ coke,teabag,teabagging,tea\\-bagging,Temper0,Tempero,thesillypoint\\.com,thesillypoint\\.com\\/forum\\/,throw\\ a\\ game,tims,to\\$\\$ers,to\\*\\*er,to55er,to55ers,tosser,tosser\\,,tossers,tossurs,towel\\ head,towelhead,Trophy\\ Centre,Trophy\\ Centre\\.,turd,TVANTS\\ dot\\ com,TVANTS\\.com,tvvat,tvvats,tw\\ a\\ t,tw\\ a\\ t\\.,tw\\ at,tw\\#t,tw\\&nbsp\\;at,tw\\&t,tw\\*t,tw\\@,tw\\@t,tw\\@ts,tw\\_t,tw\\~t,Tw\\>t,Tw4t,tw8t,tw8ts,twa\\ t,twat,t\\-wat,t\\-w\\-a\\-t\\.,twats,twatt,twattish,tw\\-kent\\.myminicity\\.com\\/,Twunt,twunts,Unionist,up\\ the\\ Gary,vous,W\\ a\\ n\\ k\\ a,W\\ A\\ N\\ K\\ E\\ R,W\\ A\\ N\\ K\\ E\\ R\\ C\\ U\\ N\\ T\\ S,w\\ anker,w\\ ankers,w\\#\\#kers,W\\#\\*K,W\\#nker,W\\#nkers,w\\*\\*\\*\\*\\*\\*,w\\*\\*\\*er,w\\*\\*kers,w\\*nker,w\\*nkers,w\\.ank,w\\@\\@\\@ers,w\\@nk,w\\@nker,w\\@nkers,w\\@nking,w\\@nks,w\\@nkstain,w0g,w0gs,W4nker\\!,W4nkers\\!,wa\\ nker,Wan\\ k\\ er,Wan\\ k\\ ers,wan\\ ker,Wan\\*\\*r,wan\\-\\-ers,wank,Wanka,wankas,wanke\\ r,wanked,wanker,wankers,wan\\-kers,wanking,wanks,wank\\'s,wengers\\-secret\\-room\\.tk,wet\\ spam,Wh0re,whanker,whankers,whanking,Whatthefuck,white\\ powder,white\\ stuff,whore,whores,win\\ cash\\ prizes,wog,woodzone\\.myminicity\\.com,woodzone\\.myminicity\\.com\\/,wop,www\\.communities\\.com,www\\.communities\\.com\\/,www\\.footballonsat\\.com\\/,www\\.footballstreaming,www\\.footballstreaming\\.info,www\\.girliegardening\\.com,www\\.iwantfreebets\\.com,www\\.myspace\\.co\\.uk,www\\.myspace\\.com\\/clubtipsyuk,www\\.myspace\\.com\\/deepakpakpak,www\\.nonstopsoccer\\.proboards83\\.com,www\\.scrum\\-5\\.co\\.uk,www\\.themalealliance\\.info,www\\.themalealliance\\.info\\.,www\\.thesillypoint\\.com,www\\.thesillypoint\\.com\\/forum,www\\.twolu\\.com,www\\.xperteleven\\.com,www\\.yesitshelpful\\.com,Xpert\\ Eleven,Xrse,Xrseh,Xrsehol,Xrsehole,Xxxhole,Y\\!ddo\\!,Y\\!ddo\\!\\!,Y\\*d,y1dd,ya\\ prick,yid,yidd,yidds,yido,yids,You\\ are\\ a\\ retard,You\\ are\\ a\\ retard\\!,You\\ are\\ a\\ retard\\.,you\\ prick,you\\ prick\\!,your\\ mam,Your\\ Mum,You\\'re\\ a\\ retard,You\\'re\\ a\\ retard\\!,You\\'re\\ a\\ retard\\."}}, {"pk": 1, "model": "rb.site", "fields": {"domain": "localhost:8080", "group": 2, "name": "localhost", "include_selectors": "", "no_rdr_selectors": "", "css": ""}}, {"pk": 2, "model": "rb.site", "fields": {"domain": "dev.readrboard.com", "group": 2, "name": "aws webserver", "include_selectors": "", "no_rdr_selectors": "", "css": ""}}, {"pk": 3, "model": "rb.site", "fields": {"domain": "dev.readrboard.com", "group": 3, "name": "The Dog Daily", "include_selectors": "", "no_rdr_selectors": "", "css": ""}}, {"pk": 4, "model": "rb.site", "fields": {"domain": "localhost:8080", "group": 3, "name": "The Dog Daily", "include_selectors": "", "no_rdr_selectors": "", "css": ""}}, {"pk": 5, "model": "rb.site", "fields": {"domain": "readr.local:8080", "group": 2, "name": "local", "include_selectors": "", "no_rdr_selectors": "", "css": ""}}, {"pk": 6, "model": "rb.site", "fields": {"domain": "readr.local:8080", "group": 3, "name": "local", "include_selectors": "", "no_rdr_selectors": "", "css": ""}}, {"pk": 7, "model": "rb.site", "fields": {"domain": "dev.readrboard.com", "group": 1, "name": "dev.readrboard.com", "include_selectors": "", "no_rdr_selectors": "", "css": ""}}, {"pk": 1, "model": "rb.page", "fields": {"url": "http://dev.readrboard.com/static/demo/", "site": 7, "canonical_url": "", "title": "ReadrBoard Demo"}}, {"pk": 2, "model": "rb.page", "fields": {"url": "http://dev.readrboard.com/static/demo/index.html", "site": 7, "canonical_url": "", "title": "ReadrBoard Demo"}}, {"pk": 3, "model": "rb.page", "fields": {"url": "http://dev.readrboard.com/static/demo/", "site": 7, "canonical_url": "http://dev.readrboard.com/static/demo/", "title": "ReadrBoard Demo"}}, {"pk": 4, "model": "rb.page", "fields": {"url": "http://dev.readrboard.com/static/demo/dailycandy.html", "site": 3, "canonical_url": "http://www.dailycandy.com/new-york/article/92010/5-Surprises-for-Childish-Souls", "title": "Start Small, Go Big Contest - Small Business Contest | All Cities - DailyCandy "}}, {"pk": 1, "model": "rb.content", "fields": {"body": "http://dev.readrboard.com/static/demo/readrboard-demo/puppy.png", "kind": "img", "location": null, "modified": "2011-08-02 01:43:05", "created": "2011-08-02 01:43:05"}}, {"pk": 2, "model": "rb.content", "fields": {"body": "http://www.youtube.com/embed/eD1i6IpU56o", "kind": "med", "location": null, "modified": "2011-08-02 01:44:07", "created": "2011-08-02 01:44:07"}}, {"pk": 3, "model": "rb.content", "fields": {"body": "http://player.vimeo.com/video/21956758?title=0&byline=0&portrait=0", "kind": "med", "location": null, "modified": "2011-08-02 01:49:38", "created": "2011-08-02 01:49:38"}}, {"pk": 4, "model": "rb.content", "fields": {"body": "http://dev.readrboard.com/static/demo/readrboard-demo/readrboard-widget-4.png", "kind": "img", "location": null, "modified": "2011-08-02 01:51:24", "created": "2011-08-02 01:51:24"}}, {"pk": 5, "model": "rb.content", "fields": {"body": "", "kind": "img", "location": null, "modified": "2011-08-02 02:30:20", "created": "2011-08-02 02:30:20"}}, {"pk": 6, "model": "rb.content", "fields": {"body": "\"If you ask 20 different readers why they read,\n                they will all be right.\"", "kind": "txt", "location": "0:17,0:105", "modified": "2011-08-02 02:32:12", "created": "2011-08-02 02:32:12"}}, {"pk": 7, "model": "rb.content", "fields": {"body": "you, the undoubtedly splendid reader, some pleasant\n              content for playing with the ReadrBoard widget.", "kind": "txt", "location": "0:64,0:177", "modified": "2011-08-02 02:37:37", "created": "2011-08-02 02:37:37"}}, {"pk": 8, "model": "rb.content", "fields": {"body": "Enable reactions on a more granular level", "kind": "txt", "location": "0/1:0,0/1:41", "modified": "2011-08-02 02:42:28", "created": "2011-08-02 02:42:28"}}, {"pk": 9, "model": "rb.content", "fields": {"body": "pretty fantastic.", "kind": "txt", "location": "0:401,0:418", "modified": "2011-08-02 02:52:12", "created": "2011-08-02 02:52:12"}}, {"pk": 10, "model": "rb.content", "fields": {"body": "Bonjourno.", "kind": "txt", "location": "0:0,0:10", "modified": "2011-08-02 03:07:28", "created": "2011-08-02 03:07:28"}}, {"pk": 11, "model": "rb.content", "fields": {"body": "React directly about that image\n                or that quote. No need to requote, make copy pasta\n                or attach that cat image to an email. Click, react,\n                you're done.", "kind": "txt", "location": "0/3:0,0/3:195", "modified": "2011-08-02 03:11:31", "created": "2011-08-02 03:11:31"}}, {"pk": 12, "model": "rb.content", "fields": {"body": "Just one click, and you'll see even\n            more reactions.", "kind": "txt", "location": "0:146,0:209", "modified": "2011-08-02 03:24:45", "created": "2011-08-02 03:24:45"}}, {"pk": 13, "model": "rb.content", "fields": {"body": "Meet the Readrboard widget.", "kind": "txt", "location": "0:0,0:27", "modified": "2011-08-02 03:25:14", "created": "2011-08-02 03:25:14"}}, {"pk": 14, "model": "rb.content", "fields": {"body": "Just use share a link using\n                Readrboard...", "kind": "txt", "location": "0/7:0,0/7:57", "modified": "2011-08-02 08:32:03", "created": "2011-08-02 08:32:03"}}, {"pk": 15, "model": "rb.content", "fields": {"body": "Readrboard: new startup on the scene in\n              NYC", "kind": "txt", "location": "0:0,0:57", "modified": "2011-08-02 09:58:36", "created": "2011-08-02 09:58:36"}}, {"pk": 16, "model": "rb.content", "fields": {"body": "\"If you ask 20 different readers why they read,\n                they will all be right.\" -Teresa Nielsen Hayden", "kind": "txt", "location": "0:17,0/1:21", "modified": "2011-08-02 10:32:50", "created": "2011-08-02 10:32:50"}}, {"pk": 17, "model": "rb.content", "fields": {"body": "make one of your brilliant\n              reactions, share it with a friend by clicking on one\n              of the shiny twitter", "kind": "txt", "location": "0:63,0:191", "modified": "2011-08-02 10:33:09", "created": "2011-08-02 10:33:09"}}, {"pk": 18, "model": "rb.content", "fields": {"body": "friend a link\n                along with some crazy instructions about the third\n                paragraph on left past video about ukelelees. Just\n                have", "kind": "txt", "location": "0/7:79,0/7:247", "modified": "2011-08-02 10:49:24", "created": "2011-08-02 10:49:24"}}, {"pk": 19, "model": "rb.content", "fields": {"body": "Anything in particular get your attention? Hover\n            over some images or select some text and let the other\n            readers know about it. After all, this is the new era\n            of publishing and we readers are in it together. Even\n            if we've", "kind": "txt", "location": "0:0,0:268", "modified": "2011-08-02 10:50:58", "created": "2011-08-02 10:50:58"}}, {"pk": 20, "model": "rb.content", "fields": {"body": "pleasant\n              content", "kind": "txt", "location": "0:107,0:137", "modified": "2011-08-02 12:34:56", "created": "2011-08-02 12:34:56"}}, {"pk": 21, "model": "rb.content", "fields": {"body": "See those pins on the page?", "kind": "txt", "location": "0:0,0:27", "modified": "2011-08-02 12:36:27", "created": "2011-08-02 12:36:27"}}, {"pk": 22, "model": "rb.content", "fields": {"body": "attention? Hover\n            over some images or select some text and let the other\n            readers know about it. After all, this is the new era\n            of publishing and we readers", "kind": "txt", "location": "0:32,0:222", "modified": "2011-08-02 12:37:47", "created": "2011-08-02 12:37:47"}}, {"pk": 23, "model": "rb.content", "fields": {"body": "This is a fake article", "kind": "txt", "location": "0:11,0:33", "modified": "2011-08-02 13:19:14", "created": "2011-08-02 13:19:14"}}, {"pk": 24, "model": "rb.content", "fields": {"body": "undoubtedly splendid reader,", "kind": "txt", "location": "0:73,0:101", "modified": "2011-08-02 14:17:30", "created": "2011-08-02 14:17:30"}}, {"pk": 25, "model": "rb.content", "fields": {"body": "because,\n            in reading, we've", "kind": "txt", "location": "0:306,0:344", "modified": "2011-08-02 15:35:25", "created": "2011-08-02 15:35:25"}}, {"pk": 26, "model": "rb.content", "fields": {"body": "butter.", "kind": "txt", "location": "0/7:315,0/7:322", "modified": "2011-08-02 15:42:13", "created": "2011-08-02 15:42:13"}}, {"pk": 27, "model": "rb.content", "fields": {"body": "Hover\n            over some images or select some text", "kind": "txt", "location": "0:43,0:97", "modified": "2011-08-02 15:43:20", "created": "2011-08-02 15:43:20"}}, {"pk": 28, "model": "rb.content", "fields": {"body": "young padawan.", "kind": "txt", "location": "0:9,0:23", "modified": "2011-08-02 16:39:18", "created": "2011-08-02 16:39:18"}}, {"pk": 29, "model": "rb.content", "fields": {"body": "bootstrapped", "kind": "txt", "location": "1:16,1:28", "modified": "2011-08-02 16:40:09", "created": "2011-08-02 16:40:09"}}, {"pk": 30, "model": "rb.content", "fields": {"body": "you a simple tool", "kind": "txt", "location": "0:150,0:167", "modified": "2011-08-02 16:45:04", "created": "2011-08-02 16:45:04"}}, {"pk": 31, "model": "rb.content", "fields": {"body": "ReadrBoard widget.", "kind": "txt", "location": "0:159,0:177", "modified": "2011-08-02 17:17:46", "created": "2011-08-02 17:17:46"}}, {"pk": 32, "model": "rb.content", "fields": {"body": "Now,", "kind": "txt", "location": "0:0,0:4", "modified": "2011-08-02 19:23:46", "created": "2011-08-02 19:23:46"}}, {"pk": 33, "model": "rb.content", "fields": {"body": "hover", "kind": "txt", "location": "0:27,0:32", "modified": "2011-08-02 19:24:20", "created": "2011-08-02 19:24:20"}}, {"pk": 34, "model": "rb.content", "fields": {"body": "image?", "kind": "txt", "location": "0:42,0:48", "modified": "2011-08-02 19:26:23", "created": "2011-08-02 19:26:23"}}, {"pk": 35, "model": "rb.content", "fields": {"body": "So it's pretty easy, right?", "kind": "txt", "location": "0:0,0:27", "modified": "2011-08-02 19:31:19", "created": "2011-08-02 19:31:19"}}, {"pk": 36, "model": "rb.content", "fields": {"body": "friendly,\n            really. It stays out of your way for the most part, but\n            as soon as you get the hankering to react,", "kind": "txt", "location": "0:40,0:172", "modified": "2011-08-02 19:49:03", "created": "2011-08-02 19:49:03"}}, {"pk": 37, "model": "rb.content", "fields": {"body": "webpage,", "kind": "txt", "location": "0:229,0:237", "modified": "2011-08-03 15:18:29", "created": "2011-08-03 15:18:29"}}, {"pk": 38, "model": "rb.content", "fields": {"body": "Ok, so that's what we've done so far.", "kind": "txt", "location": "0:0,0:37", "modified": "2011-08-03 18:29:55", "created": "2011-08-03 18:29:55"}}, {"pk": 39, "model": "rb.content", "fields": {"body": "because,\n            in reading, we've digested", "kind": "txt", "location": "0:306,0:353", "modified": "2011-08-04 15:09:10", "created": "2011-08-04 15:09:10"}}, {"pk": 40, "model": "rb.content", "fields": {"body": "other folks are\n            saying", "kind": "txt", "location": "0:98,0:132", "modified": "2011-08-05 10:37:45", "created": "2011-08-05 10:37:45"}}, {"pk": 41, "model": "rb.content", "fields": {"body": "cute charming puppy.", "kind": "txt", "location": "0:129,0:149", "modified": "2011-08-05 10:40:47", "created": "2011-08-05 10:40:47"}}, {"pk": 42, "model": "rb.content", "fields": {"body": "because we know it's hard", "kind": "txt", "location": "0:60,0:85", "modified": "2011-08-05 10:41:07", "created": "2011-08-05 10:41:07"}}, {"pk": 43, "model": "rb.content", "fields": {"body": "", "kind": "med", "location": null, "modified": "2011-08-05 11:26:39", "created": "2011-08-05 11:26:39"}}, {"pk": 1, "model": "rb.container", "fields": {"body": "okay, that was a warmup. how do you feel about offering your opinion on video? we know this has been pretty strenuous, so we'll give you a little coffee break to take up the rest of this paragraph. okay it's actually just to make our content look nice.", "kind": "text", "hash": "bfecd7d2f20df397ed914b8ea07ac459"}}, {"pk": 2, "model": "rb.container", "fields": {"body": "now, see that pin when you hover over the image? as you can see... fact. this puppy is adorable.", "kind": "text", "hash": "6de167841ebfe9d23f201154fd7c158a"}}, {"pk": 3, "model": "rb.container", "fields": {"body": "bonjourno. this is a fake article written to give you, the undoubtedly splendid reader, some pleasant content for playing with the readrboard widget.", "kind": "text", "hash": "631eb4d994595a8a3ec836f71a1d88a3"}}, {"pk": 4, "model": "rb.container", "fields": {"body": "ok, so that's what we've done so far. stay tuned for more exciting ideas, and let us know how we're doing. we mean it - we really want your criticism; please go ahead and mark up this page with reactions where you have opinions. we're pretty excited about seeing where this thing can go and have some great advisers to help us along the way.", "kind": "text", "hash": "2bbe3a35d638609214be48734b1466e7"}}, {"pk": 5, "model": "rb.container", "fields": {"body": "anything in particular get your attention? hover over some images or select some text and let the other readers know about it. after all, this is the new era of publishing and we readers are in it together. even if we've never met, we're in a community just because, in reading, we've digested the same content. we think this is pretty fantastic.", "kind": "text", "hash": "fc240cd6e0819c4bc3fee100506e7702"}}, {"pk": 6, "model": "rb.container", "fields": {"body": "http://dev.readrboard.com/static/demo/readrboard-demo/readrboard-widget-4.png", "kind": "img", "hash": "62e17113882f7a9d67ad7882c312c105"}}, {"pk": 7, "model": "rb.container", "fields": {"body": "filed under awesome", "kind": "text", "hash": "cc5c819bf51a96daad1c3c32fde405f9"}}, {"pk": 8, "model": "rb.container", "fields": {"body": "theme borrowed from wordpress.com. theme: structure by organic themes.", "kind": "text", "hash": "14bddddf5bb228333d8b7340e84fba9d"}}, {"pk": 9, "model": "rb.container", "fields": {"body": "alright, for those of you who might be a little click-shy, here's an easy one. here's a picture of a cute charming puppy. admit it, you think it's cute, don't you? or maybe you think it's preposterous, we don't know, tag it whatever you want.", "kind": "text", "hash": "875b5f9f349066032f1fe412c113234f"}}, {"pk": 10, "model": "rb.container", "fields": {"body": "http://www.youtube.com/embed/eD1i6IpU56o", "kind": "media", "hash": "bab188490668943bf976038f1e4b1059"}}, {"pk": 11, "model": "rb.container", "fields": {"body": "http://player.vimeo.com/video/21956758?title=0&byline=0&portrait=0", "kind": "media", "hash": "f3cbb32511614bea56f327c22bbb742d"}}, {"pk": 12, "model": "rb.container", "fields": {"body": "and, we're back. since this video is about us, let us know how you're doing so far. wait, you already figured out that it's the same as images?", "kind": "text", "hash": "f1f64287d7398a80bbfe665003766c05"}}, {"pk": 13, "model": "rb.container", "fields": {"body": "and now a message from our sponsors:", "kind": "text", "hash": "c31dab7e98bd7cdc6263ea1efb0cdd32"}}, {"pk": 14, "model": "rb.container", "fields": {"body": "not bad, young padawan.", "kind": "text", "hash": "e4f56dc34cef2424a77bc3776bd07d74"}}, {"pk": 15, "model": "rb.container", "fields": {"body": "meet the readrboard widget. it's pretty friendly, really. it stays out of your way for the most part, but as soon as you get the hankering to react, share, or discuss something particular on a webpage, it can probably help you.", "kind": "text", "hash": "83b3d7d4dcf2e752fd70d09490c2e213"}}, {"pk": 16, "model": "rb.container", "fields": {"body": "of course, this is just a beta product and we know we can't go from 0-to-awesome just yet. we're starting small, bringing you a simple tool that we hope nails-it on a couple of core ideas:", "kind": "text", "hash": "db9697c4b1b05fa29d9289f72d31a6de"}}, {"pk": 17, "model": "rb.container", "fields": {"body": "well here's one final mission for you. after you make one of your brilliant reactions, share it with a friend by clicking on one of the shiny twitter or facebook buttons. since you've come this far, i think you can figure it from there.", "kind": "text", "hash": "6eef9ce1ef9b76dd3260a975997b7e58"}}, {"pk": 18, "model": "rb.container", "fields": {"body": "we understand that online social tools have a lot of room for improvement. that's why we're excited to think hard about these issues and kick off some genuine innovations.", "kind": "text", "hash": "d014db05d0863f777a7df4458b9a26ba"}}, {"pk": 19, "model": "rb.container", "fields": {"body": "see those pins on the page? hover over one, and you can see - in a word or two - what other folks are saying around here. just one click, and you'll see even more reactions.", "kind": "text", "hash": "c6dde79f6c57f9004865320308b66024"}}, {"pk": 20, "model": "rb.container", "fields": {"body": "posted by readrboard on august 1, 2011.", "kind": "text", "hash": "de6e3178328218b092acc4c816ae78ae"}}, {"pk": 21, "model": "rb.container", "fields": {"body": "http://dev.readrboard.com/static/demo/readrboard-demo/puppy.png", "kind": "img", "hash": "b3f8f1e89a707a0efd7ae668f183bb0f"}}, {"pk": 22, "model": "rb.container", "fields": {"body": "readrboard - just another bootstapped startup", "kind": "text", "hash": "191e9d62042e31b82c8e03b831492a6d"}}, {"pk": 23, "model": "rb.container", "fields": {"body": "so it's pretty easy, right? well that's good, because we know it's hard out there for an earnest reader. we know you're hard at work adding a truly important perspective to online conversation. we hate to see that voice get drowned out by spam and white noise.", "kind": "text", "hash": "bd68b72ee908d5203eeca57a36ba380a"}}, {"pk": 24, "model": "rb.container", "fields": {"body": "\"if you ask 20 different readers why they read, they will all be right.\" -teresa nielsen hayden", "kind": "text", "hash": "aec071fa19e8d16c48be19270e18fde1"}}, {"pk": 25, "model": "rb.container", "fields": {"body": "buongiorno. this is a fake article written to give you, the undoubtedly splendid reader, some pleasant content for playing with the readrboard widget.", "kind": "text", "hash": "51d4a74cbb1459caae5565db7840c6a9"}}, {"pk": 26, "model": "rb.container", "fields": {"body": "enable reactions on a more granular level react directly about that image or that quote. no need to re-quote, make copy pasta or attach that cat image to an email. click, react, you're done. let readers see reactions in the context that people made them just use share a link using readrboard... no need to send your friend a link along with some crazy instructions about the third paragraph on left past video about ukeleles. just have them click our short url and the page scrolls like butter.", "kind": "text", "hash": "bcec8c88463981e54504e2813d9193ea"}}, {"pk": 27, "model": "rb.container", "fields": {"body": "enable reactions on a more granular level react directly about that image or that quote. no need to requote, make copy pasta or attach that cat image to an email. click, react, you're done. let readers see reactions in the context that people made them just use share a link using readrboard... no need to send your friend a link along with some crazy instructions about the third paragraph on left past video about ukelelees. just have them click our short url and the page scrolls like butter.", "kind": "text", "hash": "b5fb7585f1f3ab33e55c2a80e99664c2"}}, {"pk": 28, "model": "rb.container", "fields": {"body": "chrome://livemargins/skin/monitor-background-horizontal.png", "kind": "img", "hash": "dd8296d2e803dec162de2818c59fdd10"}}, {"pk": 29, "model": "rb.container", "fields": {"body": "chrome://livemargins/skin/monitor-background-vertical.png", "kind": "img", "hash": "79083628f30fc6a0184b14d0cf5f2362"}}, {"pk": 30, "model": "rb.container", "fields": {"body": "chrome://livemargins/skin/monitor-play-button.png", "kind": "img", "hash": "9b172becd339ca7459410c080fd48412"}}, {"pk": 31, "model": "rb.container", "fields": {"body": "demo", "kind": "text", "hash": "aabf06ee481aa3cb2c92b2db291a9c60"}}, {"pk": 32, "model": "rb.container", "fields": {"body": "react directly about that image or that quote. no need to requote, make copy pasta or attach that cat image to an email. click, react, you're done.", "kind": "text", "hash": "0dd6744c407c07cbc64df891e4224a44"}}, {"pk": 33, "model": "rb.container", "fields": {"body": "just use share a link using readrboard... no need to send your friend a link along with some crazy instructions about the third paragraph on left past video about ukelelees. just have them click our short url and the page scrolls like butter.", "kind": "text", "hash": "6571618084e73afa3d27eaacd0a1b676"}}, {"pk": 34, "model": "rb.container", "fields": {"body": "enable reactions on a more granular level", "kind": "text", "hash": "2d690be5823acbf246b08d8d576e48af"}}, {"pk": 35, "model": "rb.container", "fields": {"body": "home", "kind": "text", "hash": "f0368cece8468cfd15f6fe618b0ecf54"}}, {"pk": 36, "model": "rb.container", "fields": {"body": "let readers see reactions in the context that people made them", "kind": "text", "hash": "3ec48aea4b6e9f6198fe3d3c3778ec62"}}, {"pk": 37, "model": "rb.container", "fields": {"body": "academy of art", "kind": "text", "hash": "03b345889c036cd609a5d54b4e8701ca"}}, {"pk": 38, "model": "rb.container", "fields": {"body": "get revenge with a rap beat", "kind": "text", "hash": "48c723c905d3f1b8e2dd5ae27b3ccf9c"}}, {"pk": 39, "model": "rb.container", "fields": {"body": "http://dev.readrboard.com/static/demo/dailycandy/i/paper-hammer.jpg", "kind": "img", "hash": "199434b3dcab8105517702516378383f"}}, {"pk": 40, "model": "rb.container", "fields": {"body": "dogs who can paint", "kind": "text", "hash": "1323d8d4bbed0d846761b5ab5e1ecade"}}, {"pk": 41, "model": "rb.container", "fields": {"body": "readrboard alpha from porter bayne on vimeo.", "kind": "text", "hash": "7800e5e62899cb602d19b00e9d3d0ce3"}}, {"pk": 42, "model": "rb.container", "fields": {"body": "sign up for your free daily e-mail about the latest in fashion, food & fun - plus reminders about our swirl sample sales.", "kind": "text", "hash": "17c98247d9d6593ae8a7ab8795ff92c6"}}, {"pk": 43, "model": "rb.container", "fields": {"body": "is there anything we love more than jewelry designers who wake the neighbors with their fine-metal hammering, a hairdresser with secret weapons against humidity, or a bartender who pours drinks and hook's us up? perhaps just one: helping these brilliant businesses get off the ground.", "kind": "text", "hash": "7ea7b8900c5664a49df4e8a6af222433"}}, {"pk": 44, "model": "rb.container", "fields": {"body": "one winner from each of our categories (fashion, beauty, food and drink, and home) will win a trip to new york city, a dailycandy write-up, and a day at the dailycandy academy, where the likes of isaac mizrahi, marcus samuelsson, and rebecca minkoff will mentor the begenius out of you.", "kind": "text", "hash": "cec0ba85b14e296c8d08d00da2a72c19"}}, {"pk": 45, "model": "rb.container", "fields": {"body": "for rules, details, and an entry form, go to dailycandy.com/startsmallgobig.", "kind": "text", "hash": "20ccb0def44e5e26eca479ff9d72c885"}}, {"pk": 46, "model": "rb.container", "fields": {"body": "http://dev.readrboard.com/static/demo/dailycandy/i/shop-the-store-la.jpg", "kind": "img", "hash": "3493eaee7241aaa5640bd554f0c1f14c"}}, {"pk": 47, "model": "rb.container", "fields": {"body": "photo: getty images", "kind": "text", "hash": "9e5472fbb7a4e525b454949d3b8ce968"}}, {"pk": 48, "model": "rb.container", "fields": {"body": "sign up now \u2014 it's free \u2014 to be part of dailycandy.", "kind": "text", "hash": "bcbdf9639e712a423d6b70605e7b06cc"}}, {"pk": 49, "model": "rb.container", "fields": {"body": "just think, you have nothing to lose but your day job.", "kind": "text", "hash": "1f6201df80ab5ce25b4d55e22c5a5e01"}}, {"pk": 50, "model": "rb.container", "fields": {"body": "temp readrboard video thrown in here for testing", "kind": "text", "hash": "b8eef9f2ecb8e1beac745a587c7fed21"}}, {"pk": 51, "model": "rb.container", "fields": {"body": "http://dev.readrboard.com/static/demo/dailycandy/i/travel.jpg", "kind": "img", "hash": "6bb34fb48a0887d2ec81c5b7c44ce68b"}}, {"pk": 52, "model": "rb.container", "fields": {"body": "terms & conditions | privacy policy", "kind": "text", "hash": "21ad50755bd4cd3e79143c0d62b15f67"}}, {"pk": 53, "model": "rb.container", "fields": {"body": "http://dev.readrboard.com/static/demo/dailycandy/i/sewing-machine.jpg", "kind": "img", "hash": "379dd40e330d3d02e1537062da6fed9e"}}, {"pk": 54, "model": "rb.container", "fields": {"body": "privacy policy | terms & conditions", "kind": "text", "hash": "f8310234509d9f14b9899121223f7c8c"}}, {"pk": 55, "model": "rb.container", "fields": {"body": "spoil your pop", "kind": "text", "hash": "39a07248a9f302d6759eb8f34c9cb226"}}, {"pk": 56, "model": "rb.container", "fields": {"body": "http://dev.readrboard.com/static/demo/dailycandy/i/biondivino.jpg", "kind": "img", "hash": "746077ba8d731eab6b0002b1abe94a50"}}, {"pk": 57, "model": "rb.container", "fields": {"body": "http://dev.readrboard.com/static/demo/dailycandy/i/thecookiesandwichco2.jpg", "kind": "img", "hash": "957fb86db5dc359b09655d779d2c7a44"}}, {"pk": 58, "model": "rb.container", "fields": {"body": "walk this way", "kind": "text", "hash": "6a827e7fe1b17d4023e6ada68604892f"}}, {"pk": 59, "model": "rb.container", "fields": {"body": "community policy", "kind": "text", "hash": "a172f4ae104b9a31080f55984365f1a9"}}, {"pk": 60, "model": "rb.container", "fields": {"body": "so bring on our second annual start small, go big contest, your chance to launch your bazillion dollar idea (that\u2019s not bacon milk). the deadline for entries is august 5.", "kind": "text", "hash": "8930c16c3df989a79fd0c163fc14aeb2"}}, {"pk": 61, "model": "rb.container", "fields": {"body": "hiya. log in to comment.", "kind": "text", "hash": "9483def1f9b41184318f44725a70bce5"}}, {"pk": 62, "model": "rb.container", "fields": {"body": "http://dev.readrboard.com/static/demo/dailycandy/i/transparent.gif", "kind": "img", "hash": "1ec5c6a96b33b8a471bdcfefa2899e35"}}, {"pk": 63, "model": "rb.container", "fields": {"body": "http://dev.readrboard.com/static/demo/dailycandy/i/dailycandy-header-home-garden.png", "kind": "img", "hash": "4d5a86d2a8a5b42129844bb414b0e386"}}, {"pk": 64, "model": "rb.container", "fields": {"body": "http://dev.readrboard.com/static/demo/dailycandy/i/twitter.png", "kind": "img", "hash": "598553e64a8d0665b8eb125d7e3ca497"}}, {"pk": 65, "model": "rb.container", "fields": {"body": "girls who like boys who like boys", "kind": "text", "hash": "e4585600fcefc70c51effa710a52151d"}}, {"pk": 66, "model": "rb.container", "fields": {"body": "http://dev.readrboard.com/static/demo/dailycandy/i/dailycandy-footer.png", "kind": "img", "hash": "ca9d38662cda1caf8633ebff32a968e5"}}, {"pk": 67, "model": "rb.container", "fields": {"body": "http://dev.readrboard.com/static/demo/dailycandy/i/verde-1.jpg", "kind": "img", "hash": "4b31ea2bd46c2ce5e241ab9753687a29"}}, {"pk": 68, "model": "rb.container", "fields": {"body": "enable reactions on a more granular level react directly about that image or that quote. no need to requote, make copy pasta or attach that cat image to an email. click, react, you're done.1 let readers see reactions in the context that people made them just use share a link using readrboard... no need to send your friend a link along with some crazy instructions about the third paragraph on left past video about ukelelees. just have them click our short url and the page scrolls like butter.", "kind": "text", "hash": "a033151685916a40383435760c716b4d"}}, {"pk": 69, "model": "rb.container", "fields": {"body": "readrboard: new startup on the scene in nyc", "kind": "text", "hash": "1eb2c2f010a0f27698cf651ed1648f2b"}}, {"pk": 70, "model": "rb.container", "fields": {"body": "readrboard - just another bootstrapped startup", "kind": "text", "hash": "ecc79cbee29f97d5d991adb6cb23a214"}}, {"pk": 71, "model": "rb.container", "fields": {"body": "chrome-extension://chiikmhgllekggjhdfjhajkfdkcngplp/arrows/arrow_blue.png", "kind": "img", "hash": "66fc8230cce0e7ecf654374264e45728"}}, {"pk": 72, "model": "rb.container", "fields": {"body": "meet readrboard", "kind": "text", "hash": "8e95f619057dd4ef57b77a1c24439d3f"}}, {"pk": 182, "model": "rb.interaction", "fields": {"kind": "tag", "container": 11, "parent": null, "created": "2011-08-06 16:29:12", "approved": true, "modified": "2011-08-06 16:29:12", "interaction_node": 6, "content": 3, "user": 93, "anonymous": false, "page": 3}}, {"pk": 181, "model": "rb.interaction", "fields": {"kind": "bkm", "container": 10, "parent": null, "created": "2011-08-06 16:11:24", "approved": true, "modified": "2011-08-06 16:11:24", "interaction_node": 84, "content": 2, "user": 93, "anonymous": false, "page": 3}}, {"pk": 180, "model": "rb.interaction", "fields": {"kind": "tag", "container": 10, "parent": null, "created": "2011-08-05 20:41:55", "approved": true, "modified": "2011-08-05 20:41:55", "interaction_node": 1, "content": 2, "user": 91, "anonymous": false, "page": 3}}, {"pk": 178, "model": "rb.interaction", "fields": {"kind": "tag", "container": 10, "parent": null, "created": "2011-08-05 11:27:05", "approved": true, "modified": "2011-08-05 11:27:05", "interaction_node": 83, "content": 2, "user": 81, "anonymous": false, "page": 3}}, {"pk": 177, "model": "rb.interaction", "fields": {"kind": "com", "container": 11, "parent": 176, "created": "2011-08-05 11:26:39", "approved": true, "modified": "2011-08-05 11:26:39", "interaction_node": 82, "content": 43, "user": 81, "anonymous": false, "page": 3}}, {"pk": 176, "model": "rb.interaction", "fields": {"kind": "tag", "container": 11, "parent": null, "created": "2011-08-05 11:26:39", "approved": true, "modified": "2011-08-05 11:26:39", "interaction_node": 27, "content": 43, "user": 81, "anonymous": false, "page": 3}}, {"pk": 175, "model": "rb.interaction", "fields": {"kind": "tag", "container": 23, "parent": null, "created": "2011-08-05 10:41:07", "approved": true, "modified": "2011-08-05 10:41:07", "interaction_node": 2, "content": 42, "user": 11, "anonymous": false, "page": 3}}, {"pk": 174, "model": "rb.interaction", "fields": {"kind": "tag", "container": 9, "parent": null, "created": "2011-08-05 10:40:47", "approved": true, "modified": "2011-08-05 10:40:47", "interaction_node": 1, "content": 41, "user": 11, "anonymous": false, "page": 3}}, {"pk": 173, "model": "rb.interaction", "fields": {"kind": "com", "container": 19, "parent": 172, "created": "2011-08-05 10:37:53", "approved": true, "modified": "2011-08-05 10:37:53", "interaction_node": 81, "content": 40, "user": 11, "anonymous": false, "page": 3}}, {"pk": 172, "model": "rb.interaction", "fields": {"kind": "tag", "container": 19, "parent": null, "created": "2011-08-05 10:37:45", "approved": true, "modified": "2011-08-05 10:37:45", "interaction_node": 80, "content": 40, "user": 11, "anonymous": false, "page": 3}}, {"pk": 171, "model": "rb.interaction", "fields": {"kind": "tag", "container": 19, "parent": null, "created": "2011-08-05 10:36:04", "approved": true, "modified": "2011-08-05 10:36:04", "interaction_node": 2, "content": 21, "user": 11, "anonymous": false, "page": 3}}, {"pk": 170, "model": "rb.interaction", "fields": {"kind": "tag", "container": 6, "parent": null, "created": "2011-08-05 10:35:46", "approved": true, "modified": "2011-08-05 10:35:46", "interaction_node": 1, "content": 4, "user": 11, "anonymous": false, "page": 3}}, {"pk": 169, "model": "rb.interaction", "fields": {"kind": "com", "container": 6, "parent": 168, "created": "2011-08-04 22:30:37", "approved": true, "modified": "2011-08-04 22:30:37", "interaction_node": 79, "content": 4, "user": 6, "anonymous": false, "page": 3}}, {"pk": 168, "model": "rb.interaction", "fields": {"kind": "tag", "container": 6, "parent": null, "created": "2011-08-04 22:29:10", "approved": true, "modified": "2011-08-04 22:29:10", "interaction_node": 59, "content": 4, "user": 6, "anonymous": false, "page": 3}}, {"pk": 167, "model": "rb.interaction", "fields": {"kind": "com", "container": 5, "parent": 166, "created": "2011-08-04 15:10:23", "approved": true, "modified": "2011-08-04 15:10:23", "interaction_node": 78, "content": 39, "user": 46, "anonymous": false, "page": 3}}, {"pk": 166, "model": "rb.interaction", "fields": {"kind": "tag", "container": 5, "parent": null, "created": "2011-08-04 15:09:10", "approved": true, "modified": "2011-08-04 15:09:10", "interaction_node": 77, "content": 39, "user": 46, "anonymous": false, "page": 3}}, {"pk": 165, "model": "rb.interaction", "fields": {"kind": "com", "container": 3, "parent": 164, "created": "2011-08-04 13:33:30", "approved": true, "modified": "2011-08-04 13:33:30", "interaction_node": 52, "content": 24, "user": 90, "anonymous": false, "page": 3}}, {"pk": 164, "model": "rb.interaction", "fields": {"kind": "tag", "container": 3, "parent": null, "created": "2011-08-04 13:33:22", "approved": true, "modified": "2011-08-04 13:33:22", "interaction_node": 76, "content": 24, "user": 90, "anonymous": false, "page": 3}}, {"pk": 163, "model": "rb.interaction", "fields": {"kind": "com", "container": 6, "parent": 162, "created": "2011-08-04 00:45:23", "approved": true, "modified": "2011-08-04 00:45:23", "interaction_node": 75, "content": 5, "user": 89, "anonymous": false, "page": 3}}, {"pk": 162, "model": "rb.interaction", "fields": {"kind": "tag", "container": 6, "parent": null, "created": "2011-08-04 00:45:23", "approved": true, "modified": "2011-08-04 00:45:23", "interaction_node": 59, "content": 5, "user": 89, "anonymous": false, "page": 3}}, {"pk": 161, "model": "rb.interaction", "fields": {"kind": "tag", "container": 4, "parent": null, "created": "2011-08-03 18:29:55", "approved": true, "modified": "2011-08-03 18:29:55", "interaction_node": 74, "content": 38, "user": 11, "anonymous": false, "page": 3}}, {"pk": 160, "model": "rb.interaction", "fields": {"kind": "com", "container": 15, "parent": 159, "created": "2011-08-03 15:18:41", "approved": true, "modified": "2011-08-03 15:18:41", "interaction_node": 73, "content": 37, "user": 88, "anonymous": false, "page": 3}}, {"pk": 159, "model": "rb.interaction", "fields": {"kind": "tag", "container": 15, "parent": null, "created": "2011-08-03 15:18:29", "approved": true, "modified": "2011-08-03 15:18:29", "interaction_node": 72, "content": 37, "user": 88, "anonymous": false, "page": 3}}, {"pk": 158, "model": "rb.interaction", "fields": {"kind": "tag", "container": 11, "parent": null, "created": "2011-08-03 02:57:09", "approved": true, "modified": "2011-08-03 02:57:09", "interaction_node": 1, "content": 3, "user": 87, "anonymous": false, "page": 3}}, {"pk": 157, "model": "rb.interaction", "fields": {"kind": "tag", "container": 11, "parent": null, "created": "2011-08-03 02:57:08", "approved": true, "modified": "2011-08-03 02:57:08", "interaction_node": 2, "content": 3, "user": 87, "anonymous": false, "page": 3}}, {"pk": 156, "model": "rb.interaction", "fields": {"kind": "tag", "container": 69, "parent": null, "created": "2011-08-03 00:31:59", "approved": true, "modified": "2011-08-03 00:31:59", "interaction_node": 33, "content": 15, "user": 47, "anonymous": false, "page": 3}}, {"pk": 155, "model": "rb.interaction", "fields": {"kind": "tag", "container": 10, "parent": null, "created": "2011-08-03 00:28:36", "approved": true, "modified": "2011-08-03 00:28:36", "interaction_node": 71, "content": 2, "user": 47, "anonymous": false, "page": 3}}, {"pk": 153, "model": "rb.interaction", "fields": {"kind": "tag", "container": 6, "parent": null, "created": "2011-08-02 21:04:47", "approved": true, "modified": "2011-08-02 21:04:47", "interaction_node": 1, "content": 4, "user": 86, "anonymous": false, "page": 3}}, {"pk": 152, "model": "rb.interaction", "fields": {"kind": "tag", "container": 6, "parent": null, "created": "2011-08-02 21:04:37", "approved": true, "modified": "2011-08-02 21:04:37", "interaction_node": 2, "content": 4, "user": 86, "anonymous": false, "page": 3}}, {"pk": 151, "model": "rb.interaction", "fields": {"kind": "tag", "container": 6, "parent": null, "created": "2011-08-02 21:04:29", "approved": true, "modified": "2011-08-02 21:04:29", "interaction_node": 6, "content": 4, "user": 86, "anonymous": false, "page": 3}}, {"pk": 150, "model": "rb.interaction", "fields": {"kind": "tag", "container": 15, "parent": null, "created": "2011-08-02 19:49:03", "approved": true, "modified": "2011-08-02 19:49:03", "interaction_node": 1, "content": 36, "user": 79, "anonymous": false, "page": 3}}, {"pk": 149, "model": "rb.interaction", "fields": {"kind": "shr", "container": 3, "parent": null, "created": "2011-08-02 19:45:59", "approved": true, "modified": "2011-08-02 19:45:59", "interaction_node": 1, "content": 10, "user": 79, "anonymous": false, "page": 3}}, {"pk": 148, "model": "rb.interaction", "fields": {"kind": "com", "container": 10, "parent": 147, "created": "2011-08-02 19:38:37", "approved": true, "modified": "2011-08-02 19:38:37", "interaction_node": 70, "content": 2, "user": 79, "anonymous": false, "page": 3}}, {"pk": 147, "model": "rb.interaction", "fields": {"kind": "tag", "container": 10, "parent": null, "created": "2011-08-02 19:38:01", "approved": true, "modified": "2011-08-02 19:38:01", "interaction_node": 6, "content": 2, "user": 79, "anonymous": false, "page": 3}}, {"pk": 146, "model": "rb.interaction", "fields": {"kind": "com", "container": 23, "parent": 145, "created": "2011-08-02 19:31:29", "approved": true, "modified": "2011-08-02 19:31:29", "interaction_node": 69, "content": 35, "user": 79, "anonymous": false, "page": 3}}, {"pk": 145, "model": "rb.interaction", "fields": {"kind": "tag", "container": 23, "parent": null, "created": "2011-08-02 19:31:19", "approved": true, "modified": "2011-08-02 19:31:19", "interaction_node": 1, "content": 35, "user": 79, "anonymous": false, "page": 3}}, {"pk": 144, "model": "rb.interaction", "fields": {"kind": "com", "container": 2, "parent": 143, "created": "2011-08-02 19:26:32", "approved": true, "modified": "2011-08-02 19:26:32", "interaction_node": 68, "content": 34, "user": 79, "anonymous": false, "page": 3}}, {"pk": 143, "model": "rb.interaction", "fields": {"kind": "tag", "container": 2, "parent": null, "created": "2011-08-02 19:26:23", "approved": true, "modified": "2011-08-02 19:26:23", "interaction_node": 1, "content": 34, "user": 79, "anonymous": false, "page": 3}}, {"pk": 142, "model": "rb.interaction", "fields": {"kind": "com", "container": 2, "parent": 141, "created": "2011-08-02 19:24:24", "approved": true, "modified": "2011-08-02 19:24:24", "interaction_node": 67, "content": 33, "user": 79, "anonymous": false, "page": 3}}, {"pk": 141, "model": "rb.interaction", "fields": {"kind": "tag", "container": 2, "parent": null, "created": "2011-08-02 19:24:20", "approved": true, "modified": "2011-08-02 19:24:20", "interaction_node": 65, "content": 33, "user": 79, "anonymous": false, "page": 3}}, {"pk": 140, "model": "rb.interaction", "fields": {"kind": "com", "container": 2, "parent": 139, "created": "2011-08-02 19:23:55", "approved": true, "modified": "2011-08-02 19:23:55", "interaction_node": 66, "content": 32, "user": 79, "anonymous": false, "page": 3}}, {"pk": 139, "model": "rb.interaction", "fields": {"kind": "tag", "container": 2, "parent": null, "created": "2011-08-02 19:23:46", "approved": true, "modified": "2011-08-02 19:23:46", "interaction_node": 65, "content": 32, "user": 79, "anonymous": false, "page": 3}}, {"pk": 138, "model": "rb.interaction", "fields": {"kind": "tag", "container": 15, "parent": null, "created": "2011-08-02 19:08:20", "approved": true, "modified": "2011-08-02 19:08:20", "interaction_node": 18, "content": 13, "user": 79, "anonymous": false, "page": 3}}, {"pk": 137, "model": "rb.interaction", "fields": {"kind": "tag", "container": 10, "parent": null, "created": "2011-08-02 18:23:43", "approved": true, "modified": "2011-08-02 18:23:43", "interaction_node": 6, "content": 2, "user": 85, "anonymous": false, "page": 3}}, {"pk": 136, "model": "rb.interaction", "fields": {"kind": "com", "container": 21, "parent": 135, "created": "2011-08-02 18:16:10", "approved": true, "modified": "2011-08-02 18:16:10", "interaction_node": 52, "content": 5, "user": 84, "anonymous": false, "page": 3}}, {"pk": 135, "model": "rb.interaction", "fields": {"kind": "tag", "container": 21, "parent": null, "created": "2011-08-02 18:16:10", "approved": true, "modified": "2011-08-02 18:16:10", "interaction_node": 26, "content": 5, "user": 84, "anonymous": false, "page": 3}}, {"pk": 134, "model": "rb.interaction", "fields": {"kind": "tag", "container": 3, "parent": null, "created": "2011-08-02 17:17:46", "approved": true, "modified": "2011-08-02 17:17:46", "interaction_node": 1, "content": 31, "user": 83, "anonymous": false, "page": 3}}, {"pk": 133, "model": "rb.interaction", "fields": {"kind": "com", "container": 21, "parent": 132, "created": "2011-08-02 16:46:15", "approved": true, "modified": "2011-08-02 16:46:15", "interaction_node": 64, "content": 1, "user": 82, "anonymous": false, "page": 3}}, {"pk": 132, "model": "rb.interaction", "fields": {"kind": "tag", "container": 21, "parent": null, "created": "2011-08-02 16:45:47", "approved": true, "modified": "2011-08-02 16:45:47", "interaction_node": 30, "content": 1, "user": 82, "anonymous": false, "page": 3}}, {"pk": 131, "model": "rb.interaction", "fields": {"kind": "com", "container": 16, "parent": 130, "created": "2011-08-02 16:45:25", "approved": true, "modified": "2011-08-02 16:45:25", "interaction_node": 63, "content": 30, "user": 82, "anonymous": false, "page": 3}}, {"pk": 130, "model": "rb.interaction", "fields": {"kind": "tag", "container": 16, "parent": null, "created": "2011-08-02 16:45:04", "approved": true, "modified": "2011-08-02 16:45:04", "interaction_node": 2, "content": 30, "user": 82, "anonymous": false, "page": 3}}, {"pk": 129, "model": "rb.interaction", "fields": {"kind": "com", "container": 10, "parent": 128, "created": "2011-08-02 16:43:20", "approved": true, "modified": "2011-08-02 16:43:20", "interaction_node": 62, "content": 2, "user": 82, "anonymous": false, "page": 3}}, {"pk": 128, "model": "rb.interaction", "fields": {"kind": "tag", "container": 10, "parent": null, "created": "2011-08-02 16:43:04", "approved": true, "modified": "2011-08-02 16:43:04", "interaction_node": 1, "content": 2, "user": 82, "anonymous": false, "page": 3}}, {"pk": 127, "model": "rb.interaction", "fields": {"kind": "tag", "container": 70, "parent": null, "created": "2011-08-02 16:40:09", "approved": true, "modified": "2011-08-02 16:40:09", "interaction_node": 61, "content": 29, "user": 81, "anonymous": false, "page": 3}}, {"pk": 126, "model": "rb.interaction", "fields": {"kind": "com", "container": 14, "parent": 125, "created": "2011-08-02 16:39:33", "approved": true, "modified": "2011-08-02 16:39:33", "interaction_node": 52, "content": 28, "user": 82, "anonymous": false, "page": 3}}, {"pk": 125, "model": "rb.interaction", "fields": {"kind": "tag", "container": 14, "parent": null, "created": "2011-08-02 16:39:21", "approved": true, "modified": "2011-08-02 16:39:21", "interaction_node": 6, "content": 28, "user": 82, "anonymous": false, "page": 3}}, {"pk": 124, "model": "rb.interaction", "fields": {"kind": "tag", "container": 14, "parent": null, "created": "2011-08-02 16:39:18", "approved": true, "modified": "2011-08-02 16:39:18", "interaction_node": 60, "content": 28, "user": 82, "anonymous": false, "page": 3}}, {"pk": 123, "model": "rb.interaction", "fields": {"kind": "tag", "container": 6, "parent": null, "created": "2011-08-02 16:38:39", "approved": true, "modified": "2011-08-02 16:38:39", "interaction_node": 59, "content": 4, "user": 82, "anonymous": false, "page": 3}}, {"pk": 122, "model": "rb.interaction", "fields": {"kind": "bkm", "container": 6, "parent": null, "created": "2011-08-02 16:38:07", "approved": true, "modified": "2011-08-02 16:38:07", "interaction_node": 59, "content": 4, "user": 82, "anonymous": false, "page": 3}}, {"pk": 121, "model": "rb.interaction", "fields": {"kind": "com", "container": 21, "parent": 120, "created": "2011-08-02 16:31:03", "approved": true, "modified": "2011-08-02 16:31:03", "interaction_node": 58, "content": 5, "user": 68, "anonymous": false, "page": 3}}, {"pk": 120, "model": "rb.interaction", "fields": {"kind": "tag", "container": 21, "parent": null, "created": "2011-08-02 16:31:03", "approved": true, "modified": "2011-08-02 16:31:03", "interaction_node": 1, "content": 5, "user": 68, "anonymous": false, "page": 3}}, {"pk": 119, "model": "rb.interaction", "fields": {"kind": "com", "container": 5, "parent": 118, "created": "2011-08-02 15:45:54", "approved": true, "modified": "2011-08-02 15:45:54", "interaction_node": 57, "content": 27, "user": 11, "anonymous": false, "page": 3}}, {"pk": 118, "model": "rb.interaction", "fields": {"kind": "tag", "container": 5, "parent": null, "created": "2011-08-02 15:43:20", "approved": true, "modified": "2011-08-02 15:43:20", "interaction_node": 56, "content": 27, "user": 11, "anonymous": false, "page": 3}}, {"pk": 117, "model": "rb.interaction", "fields": {"kind": "com", "container": 68, "parent": 116, "created": "2011-08-02 15:43:18", "approved": true, "modified": "2011-08-02 15:43:18", "interaction_node": 52, "content": 26, "user": 79, "anonymous": false, "page": 3}}, {"pk": 116, "model": "rb.interaction", "fields": {"kind": "tag", "container": 68, "parent": null, "created": "2011-08-02 15:42:59", "approved": true, "modified": "2011-08-02 15:42:59", "interaction_node": 6, "content": 26, "user": 79, "anonymous": false, "page": 3}}, {"pk": 115, "model": "rb.interaction", "fields": {"kind": "tag", "container": 68, "parent": null, "created": "2011-08-02 15:42:13", "approved": true, "modified": "2011-08-02 15:42:13", "interaction_node": 1, "content": 26, "user": 79, "anonymous": false, "page": 3}}, {"pk": 114, "model": "rb.interaction", "fields": {"kind": "shr", "container": 5, "parent": null, "created": "2011-08-02 15:39:31", "approved": true, "modified": "2011-08-02 15:39:31", "interaction_node": 55, "content": 25, "user": 11, "anonymous": false, "page": 3}}, {"pk": 113, "model": "rb.interaction", "fields": {"kind": "tag", "container": 5, "parent": null, "created": "2011-08-02 15:35:25", "approved": true, "modified": "2011-08-02 15:35:25", "interaction_node": 55, "content": 25, "user": 11, "anonymous": false, "page": 3}}, {"pk": 112, "model": "rb.interaction", "fields": {"kind": "tag", "container": 21, "parent": null, "created": "2011-08-02 15:33:58", "approved": true, "modified": "2011-08-02 15:33:58", "interaction_node": 3, "content": 1, "user": 11, "anonymous": false, "page": 3}}, {"pk": 111, "model": "rb.interaction", "fields": {"kind": "tag", "container": 21, "parent": null, "created": "2011-08-02 15:30:24", "approved": true, "modified": "2011-08-02 15:30:24", "interaction_node": 6, "content": 1, "user": 11, "anonymous": false, "page": 3}}, {"pk": 110, "model": "rb.interaction", "fields": {"kind": "tag", "container": 11, "parent": null, "created": "2011-08-02 14:36:21", "approved": true, "modified": "2011-08-02 14:36:21", "interaction_node": 6, "content": 3, "user": 77, "anonymous": false, "page": 3}}, {"pk": 109, "model": "rb.interaction", "fields": {"kind": "shr", "container": 11, "parent": null, "created": "2011-08-02 14:27:00", "approved": true, "modified": "2011-08-02 14:27:00", "interaction_node": 1, "content": 3, "user": 47, "anonymous": false, "page": 3}}, {"pk": 107, "model": "rb.interaction", "fields": {"kind": "tag", "container": 10, "parent": null, "created": "2011-08-02 14:20:55", "approved": true, "modified": "2011-08-02 14:20:55", "interaction_node": 54, "content": 2, "user": 11, "anonymous": false, "page": 3}}, {"pk": 106, "model": "rb.interaction", "fields": {"kind": "tag", "container": 3, "parent": null, "created": "2011-08-02 14:17:30", "approved": true, "modified": "2011-08-02 14:17:30", "interaction_node": 53, "content": 24, "user": 76, "anonymous": false, "page": 3}}, {"pk": 105, "model": "rb.interaction", "fields": {"kind": "com", "container": 10, "parent": 104, "created": "2011-08-02 14:07:37", "approved": true, "modified": "2011-08-02 14:07:37", "interaction_node": 52, "content": 2, "user": 75, "anonymous": false, "page": 3}}, {"pk": 104, "model": "rb.interaction", "fields": {"kind": "tag", "container": 10, "parent": null, "created": "2011-08-02 14:06:49", "approved": true, "modified": "2011-08-02 14:06:49", "interaction_node": 6, "content": 2, "user": 75, "anonymous": false, "page": 3}}, {"pk": 103, "model": "rb.interaction", "fields": {"kind": "com", "container": 21, "parent": 102, "created": "2011-08-02 14:05:41", "approved": true, "modified": "2011-08-02 14:05:41", "interaction_node": 51, "content": 5, "user": 75, "anonymous": false, "page": 3}}, {"pk": 102, "model": "rb.interaction", "fields": {"kind": "tag", "container": 21, "parent": null, "created": "2011-08-02 14:05:41", "approved": true, "modified": "2011-08-02 14:05:41", "interaction_node": 3, "content": 5, "user": 75, "anonymous": false, "page": 3}}, {"pk": 101, "model": "rb.interaction", "fields": {"kind": "com", "container": 21, "parent": 100, "created": "2011-08-02 14:04:23", "approved": true, "modified": "2011-08-02 14:04:23", "interaction_node": 50, "content": 5, "user": 3, "anonymous": false, "page": 3}}, {"pk": 100, "model": "rb.interaction", "fields": {"kind": "tag", "container": 21, "parent": null, "created": "2011-08-02 14:04:23", "approved": true, "modified": "2011-08-02 14:04:23", "interaction_node": 26, "content": 5, "user": 3, "anonymous": false, "page": 3}}, {"pk": 99, "model": "rb.interaction", "fields": {"kind": "com", "container": 3, "parent": 98, "created": "2011-08-02 14:03:54", "approved": true, "modified": "2011-08-02 14:03:54", "interaction_node": 49, "content": 10, "user": 75, "anonymous": false, "page": 3}}, {"pk": 98, "model": "rb.interaction", "fields": {"kind": "tag", "container": 3, "parent": null, "created": "2011-08-02 14:03:54", "approved": true, "modified": "2011-08-02 14:03:54", "interaction_node": 1, "content": 10, "user": 75, "anonymous": false, "page": 3}}, {"pk": 96, "model": "rb.interaction", "fields": {"kind": "tag", "container": 21, "parent": null, "created": "2011-08-02 14:02:59", "approved": true, "modified": "2011-08-02 14:02:59", "interaction_node": 13, "content": 5, "user": 73, "anonymous": false, "page": 3}}, {"pk": 97, "model": "rb.interaction", "fields": {"kind": "com", "container": 21, "parent": 96, "created": "2011-08-02 14:02:59", "approved": true, "modified": "2011-08-02 14:02:59", "interaction_node": 48, "content": 5, "user": 73, "anonymous": false, "page": 3}}, {"pk": 95, "model": "rb.interaction", "fields": {"kind": "tag", "container": 3, "parent": null, "created": "2011-08-02 13:19:14", "approved": true, "modified": "2011-08-02 13:19:14", "interaction_node": 47, "content": 23, "user": 72, "anonymous": false, "page": 3}}, {"pk": 94, "model": "rb.interaction", "fields": {"kind": "tag", "container": 21, "parent": null, "created": "2011-08-02 13:02:42", "approved": true, "modified": "2011-08-02 13:02:42", "interaction_node": 46, "content": 1, "user": 70, "anonymous": false, "page": 3}}, {"pk": 93, "model": "rb.interaction", "fields": {"kind": "tag", "container": 5, "parent": null, "created": "2011-08-02 12:37:47", "approved": true, "modified": "2011-08-02 12:37:47", "interaction_node": 3, "content": 22, "user": 69, "anonymous": false, "page": 3}}, {"pk": 92, "model": "rb.interaction", "fields": {"kind": "com", "container": 19, "parent": 91, "created": "2011-08-02 12:36:37", "approved": true, "modified": "2011-08-02 12:36:37", "interaction_node": 45, "content": 21, "user": 69, "anonymous": false, "page": 3}}, {"pk": 91, "model": "rb.interaction", "fields": {"kind": "tag", "container": 19, "parent": null, "created": "2011-08-02 12:36:27", "approved": true, "modified": "2011-08-02 12:36:27", "interaction_node": 3, "content": 21, "user": 69, "anonymous": false, "page": 3}}, {"pk": 90, "model": "rb.interaction", "fields": {"kind": "com", "container": 3, "parent": 89, "created": "2011-08-02 12:35:24", "approved": true, "modified": "2011-08-02 12:35:24", "interaction_node": 44, "content": 20, "user": 69, "anonymous": false, "page": 3}}, {"pk": 89, "model": "rb.interaction", "fields": {"kind": "tag", "container": 3, "parent": null, "created": "2011-08-02 12:34:56", "approved": true, "modified": "2011-08-02 12:34:56", "interaction_node": 6, "content": 20, "user": 69, "anonymous": false, "page": 3}}, {"pk": 88, "model": "rb.interaction", "fields": {"kind": "shr", "container": 3, "parent": null, "created": "2011-08-02 12:17:10", "approved": true, "modified": "2011-08-02 12:17:10", "interaction_node": 1, "content": 10, "user": 68, "anonymous": false, "page": 3}}, {"pk": 87, "model": "rb.interaction", "fields": {"kind": "com", "container": 11, "parent": 85, "created": "2011-08-02 12:01:15", "approved": true, "modified": "2011-08-02 12:01:15", "interaction_node": 43, "content": 3, "user": 63, "anonymous": false, "page": 3}}, {"pk": 86, "model": "rb.interaction", "fields": {"kind": "shr", "container": 11, "parent": null, "created": "2011-08-02 12:01:00", "approved": true, "modified": "2011-08-02 12:01:00", "interaction_node": 6, "content": 3, "user": 63, "anonymous": false, "page": 3}}, {"pk": 85, "model": "rb.interaction", "fields": {"kind": "tag", "container": 11, "parent": null, "created": "2011-08-02 12:00:22", "approved": true, "modified": "2011-08-02 12:00:22", "interaction_node": 6, "content": 3, "user": 63, "anonymous": false, "page": 3}}, {"pk": 84, "model": "rb.interaction", "fields": {"kind": "com", "container": 21, "parent": 83, "created": "2011-08-02 11:58:11", "approved": true, "modified": "2011-08-02 11:58:11", "interaction_node": 42, "content": 1, "user": 63, "anonymous": false, "page": 3}}, {"pk": 83, "model": "rb.interaction", "fields": {"kind": "tag", "container": 21, "parent": null, "created": "2011-08-02 11:57:42", "approved": true, "modified": "2011-08-02 11:57:42", "interaction_node": 1, "content": 1, "user": 63, "anonymous": false, "page": 3}}, {"pk": 82, "model": "rb.interaction", "fields": {"kind": "com", "container": 21, "parent": 80, "created": "2011-08-02 11:48:19", "approved": true, "modified": "2011-08-02 11:48:19", "interaction_node": 41, "content": 1, "user": 62, "anonymous": false, "page": 3}}, {"pk": 81, "model": "rb.interaction", "fields": {"kind": "shr", "container": 21, "parent": null, "created": "2011-08-02 11:46:58", "approved": true, "modified": "2011-08-02 11:46:58", "interaction_node": 1, "content": 1, "user": 62, "anonymous": false, "page": 3}}, {"pk": 80, "model": "rb.interaction", "fields": {"kind": "tag", "container": 21, "parent": null, "created": "2011-08-02 11:46:56", "approved": true, "modified": "2011-08-02 11:46:56", "interaction_node": 1, "content": 1, "user": 62, "anonymous": false, "page": 3}}, {"pk": 79, "model": "rb.interaction", "fields": {"kind": "tag", "container": 3, "parent": null, "created": "2011-08-02 11:46:21", "approved": true, "modified": "2011-08-02 11:46:21", "interaction_node": 3, "content": 10, "user": 62, "anonymous": false, "page": 3}}, {"pk": 78, "model": "rb.interaction", "fields": {"kind": "shr", "container": 3, "parent": null, "created": "2011-08-02 11:46:10", "approved": true, "modified": "2011-08-02 11:46:10", "interaction_node": 1, "content": 10, "user": 62, "anonymous": false, "page": 3}}, {"pk": 77, "model": "rb.interaction", "fields": {"kind": "tag", "container": 3, "parent": null, "created": "2011-08-02 11:46:05", "approved": true, "modified": "2011-08-02 11:46:05", "interaction_node": 1, "content": 10, "user": 62, "anonymous": false, "page": 3}}, {"pk": 76, "model": "rb.interaction", "fields": {"kind": "shr", "container": 15, "parent": null, "created": "2011-08-02 10:53:08", "approved": true, "modified": "2011-08-02 10:53:08", "interaction_node": 18, "content": 13, "user": 11, "anonymous": false, "page": 3}}, {"pk": 75, "model": "rb.interaction", "fields": {"kind": "shr", "container": 5, "parent": 9, "created": "2011-08-02 10:52:38", "approved": true, "modified": "2011-08-02 10:52:38", "interaction_node": 12, "content": 9, "user": 11, "anonymous": false, "page": 3}}, {"pk": 74, "model": "rb.interaction", "fields": {"kind": "tag", "container": 5, "parent": null, "created": "2011-08-02 10:50:58", "approved": true, "modified": "2011-08-02 10:50:58", "interaction_node": 3, "content": 19, "user": 60, "anonymous": false, "page": 3}}, {"pk": 73, "model": "rb.interaction", "fields": {"kind": "shr", "container": 3, "parent": 9, "created": "2011-08-02 10:50:30", "approved": true, "modified": "2011-08-02 10:50:30", "interaction_node": 3, "content": 10, "user": 11, "anonymous": false, "page": 3}}, {"pk": 72, "model": "rb.interaction", "fields": {"kind": "shr", "container": 3, "parent": 69, "created": "2011-08-02 10:49:37", "approved": true, "modified": "2011-08-02 10:49:37", "interaction_node": 1, "content": 10, "user": 11, "anonymous": false, "page": 3}}, {"pk": 71, "model": "rb.interaction", "fields": {"kind": "bkm", "container": 68, "parent": null, "created": "2011-08-02 10:49:24", "approved": true, "modified": "2011-08-02 10:49:24", "interaction_node": 40, "content": 18, "user": 59, "anonymous": false, "page": 3}}, {"pk": 70, "model": "rb.interaction", "fields": {"kind": "bkm", "container": 10, "parent": null, "created": "2011-08-02 10:44:16", "approved": true, "modified": "2011-08-02 10:44:16", "interaction_node": 39, "content": 2, "user": 59, "anonymous": false, "page": 3}}, {"pk": 69, "model": "rb.interaction", "fields": {"kind": "shr", "container": 24, "parent": null, "created": "2011-08-02 10:35:49", "approved": true, "modified": "2011-08-02 10:35:49", "interaction_node": 11, "content": 6, "user": 57, "anonymous": false, "page": 3}}, {"pk": 68, "model": "rb.interaction", "fields": {"kind": "tag", "container": 24, "parent": null, "created": "2011-08-02 10:35:04", "approved": true, "modified": "2011-08-02 10:35:04", "interaction_node": 11, "content": 6, "user": 57, "anonymous": false, "page": 3}}, {"pk": 67, "model": "rb.interaction", "fields": {"kind": "com", "container": 24, "parent": 65, "created": "2011-08-02 10:34:23", "approved": true, "modified": "2011-08-02 10:34:23", "interaction_node": 38, "content": 16, "user": 57, "anonymous": false, "page": 3}}, {"pk": 66, "model": "rb.interaction", "fields": {"kind": "tag", "container": 17, "parent": null, "created": "2011-08-02 10:33:09", "approved": true, "modified": "2011-08-02 10:33:09", "interaction_node": 6, "content": 17, "user": 58, "anonymous": false, "page": 3}}, {"pk": 65, "model": "rb.interaction", "fields": {"kind": "tag", "container": 24, "parent": null, "created": "2011-08-02 10:32:50", "approved": true, "modified": "2011-08-02 10:32:50", "interaction_node": 37, "content": 16, "user": 57, "anonymous": false, "page": 3}}, {"pk": 64, "model": "rb.interaction", "fields": {"kind": "bkm", "container": 6, "parent": null, "created": "2011-08-02 10:31:13", "approved": true, "modified": "2011-08-02 10:31:13", "interaction_node": 36, "content": 4, "user": 56, "anonymous": false, "page": 3}}, {"pk": 62, "model": "rb.interaction", "fields": {"kind": "tag", "container": 3, "parent": null, "created": "2011-08-02 10:23:45", "approved": true, "modified": "2011-08-02 10:23:45", "interaction_node": 1, "content": 10, "user": 11, "anonymous": false, "page": 3}}, {"pk": 63, "model": "rb.interaction", "fields": {"kind": "com", "container": 3, "parent": 62, "created": "2011-08-02 10:23:45", "approved": true, "modified": "2011-08-02 10:23:45", "interaction_node": 35, "content": 10, "user": 11, "anonymous": false, "page": 3}}, {"pk": 61, "model": "rb.interaction", "fields": {"kind": "com", "container": 69, "parent": 60, "created": "2011-08-02 10:00:15", "approved": true, "modified": "2011-08-02 10:00:15", "interaction_node": 34, "content": 15, "user": 53, "anonymous": false, "page": 3}}, {"pk": 60, "model": "rb.interaction", "fields": {"kind": "tag", "container": 69, "parent": null, "created": "2011-08-02 09:58:36", "approved": true, "modified": "2011-08-02 09:58:36", "interaction_node": 33, "content": 15, "user": 53, "anonymous": false, "page": 3}}, {"pk": 59, "model": "rb.interaction", "fields": {"kind": "com", "container": 15, "parent": 58, "created": "2011-08-02 09:55:28", "approved": true, "modified": "2011-08-02 09:55:28", "interaction_node": 32, "content": 13, "user": 11, "anonymous": false, "page": 3}}, {"pk": 58, "model": "rb.interaction", "fields": {"kind": "tag", "container": 15, "parent": null, "created": "2011-08-02 09:55:28", "approved": true, "modified": "2011-08-02 09:55:28", "interaction_node": 24, "content": 13, "user": 11, "anonymous": false, "page": 3}}, {"pk": 57, "model": "rb.interaction", "fields": {"kind": "com", "container": 11, "parent": 54, "created": "2011-08-02 09:55:24", "approved": true, "modified": "2011-08-02 09:55:24", "interaction_node": 31, "content": 3, "user": 55, "anonymous": false, "page": 3}}, {"pk": 56, "model": "rb.interaction", "fields": {"kind": "shr", "container": 11, "parent": null, "created": "2011-08-02 09:55:15", "approved": true, "modified": "2011-08-02 09:55:15", "interaction_node": 1, "content": 3, "user": 55, "anonymous": false, "page": 3}}, {"pk": 55, "model": "rb.interaction", "fields": {"kind": "tag", "container": 5, "parent": null, "created": "2011-08-02 09:52:03", "approved": true, "modified": "2011-08-02 09:52:03", "interaction_node": 12, "content": 9, "user": 11, "anonymous": false, "page": 3}}, {"pk": 54, "model": "rb.interaction", "fields": {"kind": "tag", "container": 11, "parent": null, "created": "2011-08-02 09:49:05", "approved": true, "modified": "2011-08-02 09:49:05", "interaction_node": 1, "content": 3, "user": 55, "anonymous": false, "page": 3}}, {"pk": 53, "model": "rb.interaction", "fields": {"kind": "tag", "container": 21, "parent": null, "created": "2011-08-02 08:47:37", "approved": true, "modified": "2011-08-02 08:47:37", "interaction_node": 30, "content": 1, "user": 54, "anonymous": false, "page": 3}}, {"pk": 50, "model": "rb.interaction", "fields": {"kind": "tag", "container": 6, "parent": null, "created": "2011-08-02 08:47:01", "approved": true, "modified": "2011-08-02 08:47:01", "interaction_node": 1, "content": 4, "user": 54, "anonymous": false, "page": 3}}, {"pk": 49, "model": "rb.interaction", "fields": {"kind": "tag", "container": 10, "parent": null, "created": "2011-08-02 08:38:18", "approved": true, "modified": "2011-08-02 08:38:18", "interaction_node": 6, "content": 2, "user": 53, "anonymous": false, "page": 3}}, {"pk": 48, "model": "rb.interaction", "fields": {"kind": "tag", "container": 68, "parent": null, "created": "2011-08-02 08:32:28", "approved": true, "modified": "2011-08-02 08:32:28", "interaction_node": 1, "content": 14, "user": 53, "anonymous": false, "page": 3}}, {"pk": 47, "model": "rb.interaction", "fields": {"kind": "com", "container": 11, "parent": 46, "created": "2011-08-02 08:29:31", "approved": true, "modified": "2011-08-02 08:29:31", "interaction_node": 28, "content": 3, "user": 53, "anonymous": false, "page": 3}}, {"pk": 46, "model": "rb.interaction", "fields": {"kind": "tag", "container": 11, "parent": null, "created": "2011-08-02 08:29:18", "approved": true, "modified": "2011-08-02 08:29:18", "interaction_node": 27, "content": 3, "user": 53, "anonymous": false, "page": 3}}, {"pk": 45, "model": "rb.interaction", "fields": {"kind": "tag", "container": 21, "parent": null, "created": "2011-08-02 08:28:10", "approved": true, "modified": "2011-08-02 08:28:10", "interaction_node": 3, "content": 1, "user": 53, "anonymous": false, "page": 3}}, {"pk": 44, "model": "rb.interaction", "fields": {"kind": "tag", "container": 11, "parent": null, "created": "2011-08-02 08:12:18", "approved": true, "modified": "2011-08-02 08:12:18", "interaction_node": 6, "content": 3, "user": 52, "anonymous": false, "page": 3}}, {"pk": 43, "model": "rb.interaction", "fields": {"kind": "tag", "container": 21, "parent": null, "created": "2011-08-02 08:10:30", "approved": true, "modified": "2011-08-02 08:10:30", "interaction_node": 26, "content": 1, "user": 52, "anonymous": false, "page": 3}}, {"pk": 42, "model": "rb.interaction", "fields": {"kind": "com", "container": 15, "parent": 41, "created": "2011-08-02 08:05:28", "approved": true, "modified": "2011-08-02 08:05:28", "interaction_node": 25, "content": 13, "user": 53, "anonymous": false, "page": 3}}, {"pk": 41, "model": "rb.interaction", "fields": {"kind": "tag", "container": 15, "parent": null, "created": "2011-08-02 08:04:45", "approved": true, "modified": "2011-08-02 08:04:45", "interaction_node": 24, "content": 13, "user": 53, "anonymous": false, "page": 3}}, {"pk": 40, "model": "rb.interaction", "fields": {"kind": "bkm", "container": 11, "parent": null, "created": "2011-08-02 07:56:28", "approved": true, "modified": "2011-08-02 07:56:28", "interaction_node": 23, "content": 3, "user": 79, "anonymous": false, "page": 3}}, {"pk": 39, "model": "rb.interaction", "fields": {"kind": "tag", "container": 21, "parent": null, "created": "2011-08-02 07:50:29", "approved": true, "modified": "2011-08-02 07:50:29", "interaction_node": 1, "content": 1, "user": 50, "anonymous": false, "page": 3}}, {"pk": 38, "model": "rb.interaction", "fields": {"kind": "com", "container": 3, "parent": 37, "created": "2011-08-02 07:48:02", "approved": true, "modified": "2011-08-02 07:48:02", "interaction_node": 22, "content": 10, "user": 79, "anonymous": false, "page": 3}}, {"pk": 37, "model": "rb.interaction", "fields": {"kind": "tag", "container": 3, "parent": null, "created": "2011-08-02 07:47:45", "approved": true, "modified": "2011-08-02 07:47:45", "interaction_node": 1, "content": 10, "user": 79, "anonymous": false, "page": 3}}, {"pk": 36, "model": "rb.interaction", "fields": {"kind": "shr", "container": 5, "parent": null, "created": "2011-08-02 07:03:45", "approved": true, "modified": "2011-08-02 07:03:45", "interaction_node": 12, "content": 9, "user": 6, "anonymous": false, "page": 3}}, {"pk": 35, "model": "rb.interaction", "fields": {"kind": "shr", "container": 3, "parent": null, "created": "2011-08-02 06:35:22", "approved": true, "modified": "2011-08-02 06:35:22", "interaction_node": 3, "content": 10, "user": 6, "anonymous": false, "page": 3}}, {"pk": 34, "model": "rb.interaction", "fields": {"kind": "shr", "container": 21, "parent": null, "created": "2011-08-02 06:32:38", "approved": true, "modified": "2011-08-02 06:32:38", "interaction_node": 9, "content": 1, "user": 6, "anonymous": false, "page": 3}}, {"pk": 33, "model": "rb.interaction", "fields": {"kind": "tag", "container": 6, "parent": null, "created": "2011-08-02 05:37:41", "approved": true, "modified": "2011-08-02 05:37:41", "interaction_node": 3, "content": 4, "user": 49, "anonymous": false, "page": 3}}, {"pk": 32, "model": "rb.interaction", "fields": {"kind": "com", "container": 21, "parent": 31, "created": "2011-08-02 03:29:39", "approved": true, "modified": "2011-08-02 03:29:39", "interaction_node": 21, "content": 5, "user": 11, "anonymous": false, "page": 3}}, {"pk": 31, "model": "rb.interaction", "fields": {"kind": "tag", "container": 21, "parent": null, "created": "2011-08-02 03:29:39", "approved": true, "modified": "2011-08-02 03:29:39", "interaction_node": 3, "content": 5, "user": 11, "anonymous": false, "page": 3}}, {"pk": 30, "model": "rb.interaction", "fields": {"kind": "com", "container": 5, "parent": 29, "created": "2011-08-02 03:27:01", "approved": true, "modified": "2011-08-02 03:27:01", "interaction_node": 20, "content": 9, "user": 48, "anonymous": false, "page": 3}}, {"pk": 29, "model": "rb.interaction", "fields": {"kind": "tag", "container": 5, "parent": null, "created": "2011-08-02 03:27:01", "approved": true, "modified": "2011-08-02 03:27:01", "interaction_node": 12, "content": 9, "user": 48, "anonymous": false, "page": 3}}, {"pk": 28, "model": "rb.interaction", "fields": {"kind": "com", "container": 21, "parent": 27, "created": "2011-08-02 03:26:39", "approved": true, "modified": "2011-08-02 03:26:39", "interaction_node": 19, "content": 1, "user": 48, "anonymous": false, "page": 3}}, {"pk": 27, "model": "rb.interaction", "fields": {"kind": "tag", "container": 21, "parent": null, "created": "2011-08-02 03:26:05", "approved": true, "modified": "2011-08-02 03:26:05", "interaction_node": 3, "content": 1, "user": 48, "anonymous": false, "page": 3}}, {"pk": 26, "model": "rb.interaction", "fields": {"kind": "tag", "container": 15, "parent": null, "created": "2011-08-02 03:25:14", "approved": true, "modified": "2011-08-02 03:25:14", "interaction_node": 18, "content": 13, "user": 48, "anonymous": false, "page": 3}}, {"pk": 25, "model": "rb.interaction", "fields": {"kind": "tag", "container": 19, "parent": null, "created": "2011-08-02 03:24:45", "approved": true, "modified": "2011-08-02 03:24:45", "interaction_node": 3, "content": 12, "user": 3, "anonymous": false, "page": 3}}, {"pk": 24, "model": "rb.interaction", "fields": {"kind": "com", "container": 32, "parent": 22, "created": "2011-08-02 03:13:33", "approved": true, "modified": "2011-08-02 03:57:51", "interaction_node": 17, "content": 11, "user": 47, "anonymous": false, "page": 3}}, {"pk": 23, "model": "rb.interaction", "fields": {"kind": "shr", "container": 32, "parent": null, "created": "2011-08-02 03:13:04", "approved": true, "modified": "2011-08-02 03:57:40", "interaction_node": 1, "content": 11, "user": 47, "anonymous": false, "page": 3}}, {"pk": 22, "model": "rb.interaction", "fields": {"kind": "tag", "container": 32, "parent": null, "created": "2011-08-02 03:11:31", "approved": true, "modified": "2011-08-02 03:57:29", "interaction_node": 1, "content": 11, "user": 47, "anonymous": false, "page": 3}}, {"pk": 21, "model": "rb.interaction", "fields": {"kind": "shr", "container": 6, "parent": null, "created": "2011-08-02 03:09:07", "approved": true, "modified": "2011-08-02 03:09:07", "interaction_node": 1, "content": 4, "user": 47, "anonymous": false, "page": 3}}, {"pk": 20, "model": "rb.interaction", "fields": {"kind": "com", "container": 3, "parent": 19, "created": "2011-08-02 03:08:08", "approved": true, "modified": "2011-08-02 03:08:08", "interaction_node": 16, "content": 10, "user": 46, "anonymous": false, "page": 3}}, {"pk": 19, "model": "rb.interaction", "fields": {"kind": "tag", "container": 3, "parent": null, "created": "2011-08-02 03:07:28", "approved": true, "modified": "2011-08-02 03:07:28", "interaction_node": 3, "content": 10, "user": 46, "anonymous": false, "page": 3}}, {"pk": 18, "model": "rb.interaction", "fields": {"kind": "com", "container": 21, "parent": 16, "created": "2011-08-02 03:04:30", "approved": true, "modified": "2011-08-02 03:04:30", "interaction_node": 15, "content": 1, "user": 46, "anonymous": false, "page": 3}}, {"pk": 17, "model": "rb.interaction", "fields": {"kind": "shr", "container": 21, "parent": null, "created": "2011-08-02 03:01:59", "approved": true, "modified": "2011-08-02 03:01:59", "interaction_node": 14, "content": 1, "user": 46, "anonymous": false, "page": 3}}, {"pk": 16, "model": "rb.interaction", "fields": {"kind": "tag", "container": 21, "parent": null, "created": "2011-08-02 03:00:38", "approved": true, "modified": "2011-08-02 03:00:38", "interaction_node": 14, "content": 1, "user": 46, "anonymous": false, "page": 3}}, {"pk": 15, "model": "rb.interaction", "fields": {"kind": "tag", "container": 6, "parent": null, "created": "2011-08-02 02:57:29", "approved": true, "modified": "2011-08-02 02:57:29", "interaction_node": 1, "content": 4, "user": 47, "anonymous": false, "page": 3}}, {"pk": 14, "model": "rb.interaction", "fields": {"kind": "tag", "container": 21, "parent": null, "created": "2011-08-02 02:52:52", "approved": true, "modified": "2011-08-02 02:52:52", "interaction_node": 13, "content": 1, "user": 47, "anonymous": false, "page": 3}}, {"pk": 13, "model": "rb.interaction", "fields": {"kind": "tag", "container": 5, "parent": null, "created": "2011-08-02 02:52:12", "approved": true, "modified": "2011-08-02 02:52:12", "interaction_node": 12, "content": 9, "user": 47, "anonymous": false, "page": 3}}, {"pk": 12, "model": "rb.interaction", "fields": {"kind": "tag", "container": 27, "parent": null, "created": "2011-08-02 02:42:28", "approved": true, "modified": "2011-08-02 02:42:28", "interaction_node": 1, "content": 8, "user": 44, "anonymous": false, "page": 3}}, {"pk": 11, "model": "rb.interaction", "fields": {"kind": "tag", "container": 3, "parent": null, "created": "2011-08-02 02:37:37", "approved": true, "modified": "2011-08-02 02:37:37", "interaction_node": 2, "content": 7, "user": 3, "anonymous": false, "page": 3}}, {"pk": 10, "model": "rb.interaction", "fields": {"kind": "tag", "container": 24, "parent": null, "created": "2011-08-02 02:32:12", "approved": true, "modified": "2011-08-02 02:32:12", "interaction_node": 11, "content": 6, "user": 29, "anonymous": false, "page": 3}}, {"pk": 9, "model": "rb.interaction", "fields": {"kind": "shr", "container": 6, "parent": null, "created": "2011-08-02 02:31:00", "approved": true, "modified": "2011-08-02 02:31:00", "interaction_node": 1, "content": 4, "user": 6, "anonymous": false, "page": 3}}, {"pk": 8, "model": "rb.interaction", "fields": {"kind": "com", "container": 6, "parent": 7, "created": "2011-08-02 02:30:20", "approved": true, "modified": "2011-08-02 02:30:20", "interaction_node": 10, "content": 5, "user": 6, "anonymous": false, "page": 3}}, {"pk": 7, "model": "rb.interaction", "fields": {"kind": "tag", "container": 6, "parent": null, "created": "2011-08-02 02:30:20", "approved": true, "modified": "2011-08-02 02:30:20", "interaction_node": 1, "content": 5, "user": 6, "anonymous": false, "page": 3}}, {"pk": 6, "model": "rb.interaction", "fields": {"kind": "tag", "container": 6, "parent": null, "created": "2011-08-02 01:51:24", "approved": true, "modified": "2011-08-02 01:51:24", "interaction_node": 1, "content": 4, "user": 3, "anonymous": false, "page": 3}}, {"pk": 5, "model": "rb.interaction", "fields": {"kind": "tag", "container": 11, "parent": null, "created": "2011-08-02 01:49:38", "approved": true, "modified": "2011-08-02 01:49:38", "interaction_node": 1, "content": 3, "user": 11, "anonymous": false, "page": 3}}, {"pk": 4, "model": "rb.interaction", "fields": {"kind": "tag", "container": 10, "parent": null, "created": "2011-08-02 01:48:40", "approved": true, "modified": "2011-08-02 01:48:40", "interaction_node": 8, "content": 2, "user": 6, "anonymous": false, "page": 3}}, {"pk": 3, "model": "rb.interaction", "fields": {"kind": "tag", "container": 21, "parent": null, "created": "2011-08-02 01:47:42", "approved": true, "modified": "2011-08-02 01:47:42", "interaction_node": 9, "content": 1, "user": 11, "anonymous": false, "page": 3}}, {"pk": 2, "model": "rb.interaction", "fields": {"kind": "tag", "container": 10, "parent": null, "created": "2011-08-02 01:44:07", "approved": true, "modified": "2011-08-02 01:44:07", "interaction_node": 8, "content": 2, "user": 6, "anonymous": false, "page": 1}}, {"pk": 1, "model": "rb.interaction", "fields": {"kind": "tag", "container": 21, "parent": null, "created": "2011-08-02 01:43:05", "approved": true, "modified": "2011-08-02 01:43:05", "interaction_node": 7, "content": 1, "user": 11, "anonymous": false, "page": 2}}, {"pk": 1, "model": "rb.link", "fields": {"interaction": 9, "usage_count": 4}}, {"pk": 2, "model": "rb.link", "fields": {"interaction": 17, "usage_count": 41}}, {"pk": 3, "model": "rb.link", "fields": {"interaction": 21, "usage_count": 0}}, {"pk": 4, "model": "rb.link", "fields": {"interaction": 23, "usage_count": 0}}, {"pk": 5, "model": "rb.link", "fields": {"interaction": 34, "usage_count": 0}}, {"pk": 6, "model": "rb.link", "fields": {"interaction": 35, "usage_count": 0}}, {"pk": 7, "model": "rb.link", "fields": {"interaction": 36, "usage_count": 0}}, {"pk": 8, "model": "rb.link", "fields": {"interaction": 56, "usage_count": 0}}, {"pk": 9, "model": "rb.link", "fields": {"interaction": 69, "usage_count": 19}}, {"pk": 10, "model": "rb.link", "fields": {"interaction": 72, "usage_count": 0}}, {"pk": 11, "model": "rb.link", "fields": {"interaction": 73, "usage_count": 2}}, {"pk": 12, "model": "rb.link", "fields": {"interaction": 75, "usage_count": 0}}, {"pk": 13, "model": "rb.link", "fields": {"interaction": 76, "usage_count": 0}}, {"pk": 14, "model": "rb.link", "fields": {"interaction": 78, "usage_count": 0}}, {"pk": 15, "model": "rb.link", "fields": {"interaction": 81, "usage_count": 0}}, {"pk": 16, "model": "rb.link", "fields": {"interaction": 86, "usage_count": 0}}, {"pk": 17, "model": "rb.link", "fields": {"interaction": 88, "usage_count": 0}}, {"pk": 18, "model": "rb.link", "fields": {"interaction": 109, "usage_count": 0}}, {"pk": 19, "model": "rb.link", "fields": {"interaction": 114, "usage_count": 0}}, {"pk": 20, "model": "rb.link", "fields": {"interaction": 149, "usage_count": 0}}, {"pk": 1, "model": "rb.socialuser", "fields": {"username": "porter.bayne", "bio": null, "hometown": "Dallas, Texas", "uid": "613765056", "gender": "M", "private_profile": false, "group_admin": null, "admin_approved": false, "user": 11, "full_name": "Porter Bayne", "provider": "Facebook", "img_url": "http://graph.facebook.com/613765056/picture"}}, {"pk": 2, "model": "rb.socialuser", "fields": {"username": "eric.chaves", "bio": null, "hometown": "San Francisco, California", "uid": "502092", "gender": "M", "private_profile": false, "group_admin": null, "admin_approved": false, "user": 6, "full_name": "Eric Chaves", "provider": "Facebook", "img_url": "http://graph.facebook.com/502092/picture"}}, {"pk": 3, "model": "rb.socialuser", "fields": {"username": "tyler.j.brock", "bio": "Wars fought, revolutions started, governments run, uprisings quelled, computers verified, tigers tamed, bars emptied.", "hometown": "New York, New York", "uid": "1301954", "gender": "M", "private_profile": false, "group_admin": null, "admin_approved": false, "user": 3, "full_name": "Tyler Brock", "provider": "Facebook", "img_url": "http://graph.facebook.com/1301954/picture"}}, {"pk": 4, "model": "rb.socialuser", "fields": {"username": null, "bio": null, "hometown": null, "uid": "100001216296967", "gender": "M", "private_profile": false, "group_admin": null, "admin_approved": false, "user": 29, "full_name": "Porter Candyeater", "provider": "Facebook", "img_url": "http://graph.facebook.com/100001216296967/picture"}}, {"pk": 5, "model": "rb.socialuser", "fields": {"username": "machaves", "bio": "Originally from Costa Rica, I have spent the past 30 years in the San Francisco Bay Area, one of the best places anywhere! \r\nLooking for an excuse for frequent visits to the beaches of Costa Rica, my brother and I started Avantica Technologies, an outsourced product development company with nearshore software development centers in San Jose, Costa Rica and Lima, Peru. \r\nIn my spare time, I'm also a travel advisor (read free advice) to anyone going to Costa Rica on business or pleasure. \r\n\r\nPura Vida!", "hometown": null, "uid": "563396310", "gender": "M", "private_profile": false, "group_admin": null, "admin_approved": false, "user": 46, "full_name": "Mario Chaves", "provider": "Facebook", "img_url": "http://graph.facebook.com/563396310/picture"}}, {"pk": 6, "model": "rb.socialuser", "fields": {"username": "roddy", "bio": null, "hometown": null, "uid": "209595", "gender": "M", "private_profile": false, "group_admin": null, "admin_approved": false, "user": 47, "full_name": "Roddy Lindsay", "provider": "Facebook", "img_url": "http://graph.facebook.com/209595/picture"}}, {"pk": 7, "model": "rb.socialuser", "fields": {"username": null, "bio": null, "hometown": "Warren, New Jersey", "uid": "1523495274", "gender": "M", "private_profile": false, "group_admin": null, "admin_approved": false, "user": 53, "full_name": "Michael Zigmont", "provider": "Facebook", "img_url": "http://graph.facebook.com/1523495274/picture"}}, {"pk": 8, "model": "rb.socialuser", "fields": {"username": "julia.chaves", "bio": null, "hometown": "Los Altos, California", "uid": "1044030259", "gender": "F", "private_profile": false, "group_admin": null, "admin_approved": false, "user": 62, "full_name": "Julia Chaves", "provider": "Facebook", "img_url": "http://graph.facebook.com/1044030259/picture"}}, {"pk": 9, "model": "rb.socialuser", "fields": {"username": "mattnicole", "bio": null, "hometown": null, "uid": "100001422650170", "gender": "M", "private_profile": false, "group_admin": null, "admin_approved": false, "user": 72, "full_name": "Matt Nicole", "provider": "Facebook", "img_url": "http://graph.facebook.com/100001422650170/picture"}}, {"pk": 10, "model": "rb.socialuser", "fields": {"username": null, "bio": null, "hometown": "Darien, Connecticut", "uid": "100000808791204", "gender": "M", "private_profile": false, "group_admin": null, "admin_approved": false, "user": 75, "full_name": "Philip Gaucher", "provider": "Facebook", "img_url": "http://graph.facebook.com/100000808791204/picture"}}, {"pk": 11, "model": "rb.socialuser", "fields": {"username": "avedon", "bio": null, "hometown": null, "uid": "1603727", "gender": "M", "private_profile": false, "group_admin": null, "admin_approved": false, "user": 79, "full_name": "Jonathan Avedon", "provider": "Facebook", "img_url": "http://graph.facebook.com/1603727/picture"}}, {"pk": 12, "model": "rb.socialuser", "fields": {"username": "cory.forsyth", "bio": null, "hometown": null, "uid": "13307105", "gender": "M", "private_profile": false, "group_admin": null, "admin_approved": false, "user": 82, "full_name": "Cory Forsyth", "provider": "Facebook", "img_url": "http://graph.facebook.com/13307105/picture"}}, {"pk": 13, "model": "rb.socialuser", "fields": {"username": "brenthargrave", "bio": null, "hometown": "Redlands, California", "uid": "13304774", "gender": "M", "private_profile": false, "group_admin": null, "admin_approved": false, "user": 93, "full_name": "Brent Hargrave", "provider": "Facebook", "img_url": "http://graph.facebook.com/13304774/picture"}}, {"pk": 7, "model": "rb.socialauth", "fields": {"auth_token": "163759626987948|2.AQDZMOgzJrTwdPHw.3600.1312272000.1-100001216296967|n0swTMBznjWfLUQ4sw-A2dwMFaw", "expires": "2011-08-02 04:00:00", "social_user": 4}}, {"pk": 189, "model": "rb.socialauth", "fields": {"auth_token": "163759626987948|2.AQBdtHg8990xzV2L.3600.1312588800.1-563396310|f1gM_JSqxMmj-n9gYoGcTulKJOQ", "expires": "2011-08-05 20:00:00", "social_user": 5}}, {"pk": 33, "model": "rb.socialauth", "fields": {"auth_token": "163759626987948|2.AQDQvm4yCmsugbzb.3600.1312311600.1-100001422650170|yQb00vDLbVEU0Xn2O7gZwM5mYEQ", "expires": "2011-08-02 15:00:00", "social_user": 9}}, {"pk": 24, "model": "rb.socialauth", "fields": {"auth_token": "163759626987948|2.AQAAMX8BdjFn3vFM.3600.1312297200.1-1523495274|zahC27J9CUa4UYPf38ZPVhpCD4Y", "expires": "2011-08-02 11:00:00", "social_user": 7}}, {"pk": 205, "model": "rb.socialauth", "fields": {"auth_token": "163759626987948|2.AQAf3UQSOLEZorKd.3600.1312689600.1-502092|_LNUbIEZndH-7jOLVSoCUY47BsU", "expires": "2011-08-07 00:00:00", "social_user": 2}}, {"pk": 200, "model": "rb.socialauth", "fields": {"auth_token": "163759626987948|2.AQBih6gK94hCHcW3.3600.1312668000.1-13304774|1p90PdxaucFjQrw5almZwwN0MEY", "expires": "2011-08-06 18:00:00", "social_user": 13}}, {"pk": 36, "model": "rb.socialauth", "fields": {"auth_token": "163759626987948|2.AQDeHWW6GD8z1fAh.3600.1312315200.1-100000808791204|ls3bWAaFbJ96C_kEgC2UOl6FBRc", "expires": "2011-08-02 16:00:00", "social_user": 10}}, {"pk": 203, "model": "rb.socialauth", "fields": {"auth_token": "163759626987948|2.AQAeCL3TVNSOeoJz.3600.1312682400.1-613765056|UEdwCvNitAzltS3YL8ULCI9dpZs", "expires": "2011-08-06 22:00:00", "social_user": 1}}, {"pk": 57, "model": "rb.socialauth", "fields": {"auth_token": "163759626987948|2.AQClaTsgIfew9sHY.3600.1312333200.1-1044030259|g1qj-NSyZrmHfHMc-8R1oqRmO88", "expires": "2011-08-02 21:00:00", "social_user": 8}}, {"pk": 112, "model": "rb.socialauth", "fields": {"auth_token": "163759626987948|2.AQAfCxnp-azmlp5G.3600.1312416000.1-1603727|uQMz9rUZFSZo_CzwD8557jMKMSQ", "expires": "2011-08-03 20:00:00", "social_user": 11}}, {"pk": 48, "model": "rb.socialauth", "fields": {"auth_token": "163759626987948|2.AQCVMHyMwmQ5zuNH.3600.1312322400.1-13307105|QHPqbRrsE-Fn4Bw7XtcDYIT0cks", "expires": "2011-08-02 18:00:00", "social_user": 12}}, {"pk": 69, "model": "rb.socialauth", "fields": {"auth_token": "163759626987948|2.AQCDPcqesYOcQklc.3600.1312351200.1-209595|tdhRm3UyjgrS7QZXs6mdKu59-rc", "expires": "2011-08-03 02:00:00", "social_user": 6}}, {"pk": 201, "model": "rb.socialauth", "fields": {"auth_token": "163759626987948|2.AQBgExcM0SzZiB6J.3600.1312671600.1-1301954|0NXEe-XpqJaeJxxFXxiq_JaVIIM", "expires": "2011-08-06 19:00:00", "social_user": 3}}]