[{"pk": 24, "model": "contenttypes.contenttype", "fields": {"model": "consumer", "name": "consumer", "app_label": "piston"}}, {"pk": 15, "model": "contenttypes.contenttype", "fields": {"model": "container", "name": "container", "app_label": "rb"}}, {"pk": 14, "model": "contenttypes.contenttype", "fields": {"model": "content", "name": "content", "app_label": "rb"}}, {"pk": 5, "model": "contenttypes.contenttype", "fields": {"model": "contenttype", "name": "content type", "app_label": "contenttypes"}}, {"pk": 10, "model": "contenttypes.contenttype", "fields": {"model": "feature", "name": "feature", "app_label": "rb"}}, {"pk": 2, "model": "contenttypes.contenttype", "fields": {"model": "group", "name": "group", "app_label": "auth"}}, {"pk": 9, "model": "contenttypes.contenttype", "fields": {"model": "group", "name": "group", "app_label": "rb"}}, {"pk": 16, "model": "contenttypes.contenttype", "fields": {"model": "interaction", "name": "interaction", "app_label": "rb"}}, {"pk": 8, "model": "contenttypes.contenttype", "fields": {"model": "interactionnode", "name": "interaction node", "app_label": "rb"}}, {"pk": 17, "model": "contenttypes.contenttype", "fields": {"model": "link", "name": "link", "app_label": "rb"}}, {"pk": 7, "model": "contenttypes.contenttype", "fields": {"model": "logentry", "name": "log entry", "app_label": "admin"}}, {"pk": 4, "model": "contenttypes.contenttype", "fields": {"model": "message", "name": "message", "app_label": "auth"}}, {"pk": 21, "model": "contenttypes.contenttype", "fields": {"model": "migrationhistory", "name": "migration history", "app_label": "south"}}, {"pk": 11, "model": "contenttypes.contenttype", "fields": {"model": "nodevalue", "name": "node value", "app_label": "rb"}}, {"pk": 22, "model": "contenttypes.contenttype", "fields": {"model": "nonce", "name": "nonce", "app_label": "piston"}}, {"pk": 13, "model": "contenttypes.contenttype", "fields": {"model": "page", "name": "page", "app_label": "rb"}}, {"pk": 1, "model": "contenttypes.contenttype", "fields": {"model": "permission", "name": "permission", "app_label": "auth"}}, {"pk": 18, "model": "contenttypes.contenttype", "fields": {"model": "profile", "name": "profile", "app_label": "rb"}}, {"pk": 23, "model": "contenttypes.contenttype", "fields": {"model": "resource", "name": "resource", "app_label": "piston"}}, {"pk": 26, "model": "contenttypes.contenttype", "fields": {"model": "scrublist", "name": "scrub list", "app_label": "rb"}}, {"pk": 6, "model": "contenttypes.contenttype", "fields": {"model": "session", "name": "session", "app_label": "sessions"}}, {"pk": 12, "model": "contenttypes.contenttype", "fields": {"model": "site", "name": "site", "app_label": "rb"}}, {"pk": 20, "model": "contenttypes.contenttype", "fields": {"model": "socialauth", "name": "social auth", "app_label": "rb"}}, {"pk": 19, "model": "contenttypes.contenttype", "fields": {"model": "socialuser", "name": "social user", "app_label": "rb"}}, {"pk": 25, "model": "contenttypes.contenttype", "fields": {"model": "token", "name": "token", "app_label": "piston"}}, {"pk": 3, "model": "contenttypes.contenttype", "fields": {"model": "user", "name": "user", "app_label": "auth"}}, {"pk": "9c7b934388e880d578665e6b15a4138e", "model": "sessions.session", "fields": {"expire_date": "2011-05-31 17:15:08", "session_data": "N2U0ODQwYmQ1NzZkNTUyMDc0MDg5MmFkMjA5OTQ5Yzk5YTA3Mjk4YzqAAn1xAShVEl9hdXRoX3Vz\nZXJfYmFja2VuZHECVSlkamFuZ28uY29udHJpYi5hdXRoLmJhY2tlbmRzLk1vZGVsQmFja2VuZHED\nVQ1fYXV0aF91c2VyX2lkcQRLAXUu\n"}}, {"pk": "b9b7bfd4b220c603f6f11d67e457eba1", "model": "sessions.session", "fields": {"expire_date": "2011-05-31 19:25:16", "session_data": "N2U0ODQwYmQ1NzZkNTUyMDc0MDg5MmFkMjA5OTQ5Yzk5YTA3Mjk4YzqAAn1xAShVEl9hdXRoX3Vz\nZXJfYmFja2VuZHECVSlkamFuZ28uY29udHJpYi5hdXRoLmJhY2tlbmRzLk1vZGVsQmFja2VuZHED\nVQ1fYXV0aF91c2VyX2lkcQRLAXUu\n"}}, {"pk": "0621f286b16c757ee9c01a3a3f2082db", "model": "sessions.session", "fields": {"expire_date": "2011-06-04 16:25:13", "session_data": "N2U0ODQwYmQ1NzZkNTUyMDc0MDg5MmFkMjA5OTQ5Yzk5YTA3Mjk4YzqAAn1xAShVEl9hdXRoX3Vz\nZXJfYmFja2VuZHECVSlkamFuZ28uY29udHJpYi5hdXRoLmJhY2tlbmRzLk1vZGVsQmFja2VuZHED\nVQ1fYXV0aF91c2VyX2lkcQRLAXUu\n"}}, {"pk": "f0fb1e0ecd9ced07dfbd79348667aac8", "model": "sessions.session", "fields": {"expire_date": "2011-06-05 16:24:51", "session_data": "N2U0ODQwYmQ1NzZkNTUyMDc0MDg5MmFkMjA5OTQ5Yzk5YTA3Mjk4YzqAAn1xAShVEl9hdXRoX3Vz\nZXJfYmFja2VuZHECVSlkamFuZ28uY29udHJpYi5hdXRoLmJhY2tlbmRzLk1vZGVsQmFja2VuZHED\nVQ1fYXV0aF91c2VyX2lkcQRLAXUu\n"}}, {"pk": "bfb2d677dd0bcbe0662cb9fb3084f722", "model": "sessions.session", "fields": {"expire_date": "2011-06-05 16:32:08", "session_data": "N2U0ODQwYmQ1NzZkNTUyMDc0MDg5MmFkMjA5OTQ5Yzk5YTA3Mjk4YzqAAn1xAShVEl9hdXRoX3Vz\nZXJfYmFja2VuZHECVSlkamFuZ28uY29udHJpYi5hdXRoLmJhY2tlbmRzLk1vZGVsQmFja2VuZHED\nVQ1fYXV0aF91c2VyX2lkcQRLAXUu\n"}}, {"pk": "81d502af941b50edbf3d122c1bc51e87", "model": "sessions.session", "fields": {"expire_date": "2011-06-11 16:20:25", "session_data": "N2U0ODQwYmQ1NzZkNTUyMDc0MDg5MmFkMjA5OTQ5Yzk5YTA3Mjk4YzqAAn1xAShVEl9hdXRoX3Vz\nZXJfYmFja2VuZHECVSlkamFuZ28uY29udHJpYi5hdXRoLmJhY2tlbmRzLk1vZGVsQmFja2VuZHED\nVQ1fYXV0aF91c2VyX2lkcQRLAXUu\n"}}, {"pk": "d2f74244d671f2b05b2af474bf423622", "model": "sessions.session", "fields": {"expire_date": "2011-06-11 16:48:07", "session_data": "N2U0ODQwYmQ1NzZkNTUyMDc0MDg5MmFkMjA5OTQ5Yzk5YTA3Mjk4YzqAAn1xAShVEl9hdXRoX3Vz\nZXJfYmFja2VuZHECVSlkamFuZ28uY29udHJpYi5hdXRoLmJhY2tlbmRzLk1vZGVsQmFja2VuZHED\nVQ1fYXV0aF91c2VyX2lkcQRLAXUu\n"}}, {"pk": "55f7853533b50ea3a904df2ada394aaa", "model": "sessions.session", "fields": {"expire_date": "2011-06-12 12:37:34", "session_data": "N2U0ODQwYmQ1NzZkNTUyMDc0MDg5MmFkMjA5OTQ5Yzk5YTA3Mjk4YzqAAn1xAShVEl9hdXRoX3Vz\nZXJfYmFja2VuZHECVSlkamFuZ28uY29udHJpYi5hdXRoLmJhY2tlbmRzLk1vZGVsQmFja2VuZHED\nVQ1fYXV0aF91c2VyX2lkcQRLAXUu\n"}}, {"pk": "b7e82290d3cf053ac544279ef902ad32", "model": "sessions.session", "fields": {"expire_date": "2011-06-12 12:42:06", "session_data": "N2U0ODQwYmQ1NzZkNTUyMDc0MDg5MmFkMjA5OTQ5Yzk5YTA3Mjk4YzqAAn1xAShVEl9hdXRoX3Vz\nZXJfYmFja2VuZHECVSlkamFuZ28uY29udHJpYi5hdXRoLmJhY2tlbmRzLk1vZGVsQmFja2VuZHED\nVQ1fYXV0aF91c2VyX2lkcQRLAXUu\n"}}, {"pk": "c6cd1b4710816c3b9b991b65c65a49af", "model": "sessions.session", "fields": {"expire_date": "2011-06-12 12:42:30", "session_data": "ZmRjYWRkM2ZlODVmNzBkYmNiYWJmYzliNGUwYWQwNmQ1NmNiZTQ0NDqAAn1xAVUKdGVzdGNvb2tp\nZXECVQZ3b3JrZWRxA3Mu\n"}}, {"pk": "8a5cd9f1cf93f90a559a8f4d20e82733", "model": "sessions.session", "fields": {"expire_date": "2011-06-12 12:47:02", "session_data": "N2U0ODQwYmQ1NzZkNTUyMDc0MDg5MmFkMjA5OTQ5Yzk5YTA3Mjk4YzqAAn1xAShVEl9hdXRoX3Vz\nZXJfYmFja2VuZHECVSlkamFuZ28uY29udHJpYi5hdXRoLmJhY2tlbmRzLk1vZGVsQmFja2VuZHED\nVQ1fYXV0aF91c2VyX2lkcQRLAXUu\n"}}, {"pk": "50f66bb9b53fce7a4a22eb2c8b1526d7", "model": "sessions.session", "fields": {"expire_date": "2011-06-12 14:50:52", "session_data": "N2U0ODQwYmQ1NzZkNTUyMDc0MDg5MmFkMjA5OTQ5Yzk5YTA3Mjk4YzqAAn1xAShVEl9hdXRoX3Vz\nZXJfYmFja2VuZHECVSlkamFuZ28uY29udHJpYi5hdXRoLmJhY2tlbmRzLk1vZGVsQmFja2VuZHED\nVQ1fYXV0aF91c2VyX2lkcQRLAXUu\n"}}, {"pk": "35bba089613858796477c2950931def4", "model": "sessions.session", "fields": {"expire_date": "2011-06-13 13:40:02", "session_data": "N2U0ODQwYmQ1NzZkNTUyMDc0MDg5MmFkMjA5OTQ5Yzk5YTA3Mjk4YzqAAn1xAShVEl9hdXRoX3Vz\nZXJfYmFja2VuZHECVSlkamFuZ28uY29udHJpYi5hdXRoLmJhY2tlbmRzLk1vZGVsQmFja2VuZHED\nVQ1fYXV0aF91c2VyX2lkcQRLAXUu\n"}}, {"pk": "25f0a89b5e6936afa23703bbbc9b0cf0", "model": "sessions.session", "fields": {"expire_date": "2011-06-17 14:14:25", "session_data": "N2U0ODQwYmQ1NzZkNTUyMDc0MDg5MmFkMjA5OTQ5Yzk5YTA3Mjk4YzqAAn1xAShVEl9hdXRoX3Vz\nZXJfYmFja2VuZHECVSlkamFuZ28uY29udHJpYi5hdXRoLmJhY2tlbmRzLk1vZGVsQmFja2VuZHED\nVQ1fYXV0aF91c2VyX2lkcQRLAXUu\n"}}, {"pk": "e98cc17bada2520e311f5609f2d01565", "model": "sessions.session", "fields": {"expire_date": "2011-06-19 15:56:35", "session_data": "N2U0ODQwYmQ1NzZkNTUyMDc0MDg5MmFkMjA5OTQ5Yzk5YTA3Mjk4YzqAAn1xAShVEl9hdXRoX3Vz\nZXJfYmFja2VuZHECVSlkamFuZ28uY29udHJpYi5hdXRoLmJhY2tlbmRzLk1vZGVsQmFja2VuZHED\nVQ1fYXV0aF91c2VyX2lkcQRLAXUu\n"}}, {"pk": "9ca44e5a2d9b0773a47526c22962e7f8", "model": "sessions.session", "fields": {"expire_date": "2011-06-27 10:26:02", "session_data": "N2U0ODQwYmQ1NzZkNTUyMDc0MDg5MmFkMjA5OTQ5Yzk5YTA3Mjk4YzqAAn1xAShVEl9hdXRoX3Vz\nZXJfYmFja2VuZHECVSlkamFuZ28uY29udHJpYi5hdXRoLmJhY2tlbmRzLk1vZGVsQmFja2VuZHED\nVQ1fYXV0aF91c2VyX2lkcQRLAXUu\n"}}, {"pk": "c8138851e517af4080b1368e46772ed8", "model": "sessions.session", "fields": {"expire_date": "2011-06-27 12:31:58", "session_data": "N2U0ODQwYmQ1NzZkNTUyMDc0MDg5MmFkMjA5OTQ5Yzk5YTA3Mjk4YzqAAn1xAShVEl9hdXRoX3Vz\nZXJfYmFja2VuZHECVSlkamFuZ28uY29udHJpYi5hdXRoLmJhY2tlbmRzLk1vZGVsQmFja2VuZHED\nVQ1fYXV0aF91c2VyX2lkcQRLAXUu\n"}}, {"pk": "d3edd3ac2460a17b0d4fa1f1747da1c2", "model": "sessions.session", "fields": {"expire_date": "2011-07-02 10:34:13", "session_data": "N2U0ODQwYmQ1NzZkNTUyMDc0MDg5MmFkMjA5OTQ5Yzk5YTA3Mjk4YzqAAn1xAShVEl9hdXRoX3Vz\nZXJfYmFja2VuZHECVSlkamFuZ28uY29udHJpYi5hdXRoLmJhY2tlbmRzLk1vZGVsQmFja2VuZHED\nVQ1fYXV0aF91c2VyX2lkcQRLAXUu\n"}}, {"pk": "1c55cef16bd9d6ad2bd3d0d6518329ce", "model": "sessions.session", "fields": {"expire_date": "2011-07-04 11:28:08", "session_data": "N2U0ODQwYmQ1NzZkNTUyMDc0MDg5MmFkMjA5OTQ5Yzk5YTA3Mjk4YzqAAn1xAShVEl9hdXRoX3Vz\nZXJfYmFja2VuZHECVSlkamFuZ28uY29udHJpYi5hdXRoLmJhY2tlbmRzLk1vZGVsQmFja2VuZHED\nVQ1fYXV0aF91c2VyX2lkcQRLAXUu\n"}}, {"pk": "0a686ab5061aa720f833b6e3b1bdde05", "model": "sessions.session", "fields": {"expire_date": "2011-07-04 11:31:20", "session_data": "N2U0ODQwYmQ1NzZkNTUyMDc0MDg5MmFkMjA5OTQ5Yzk5YTA3Mjk4YzqAAn1xAShVEl9hdXRoX3Vz\nZXJfYmFja2VuZHECVSlkamFuZ28uY29udHJpYi5hdXRoLmJhY2tlbmRzLk1vZGVsQmFja2VuZHED\nVQ1fYXV0aF91c2VyX2lkcQRLAXUu\n"}}, {"pk": "7886b77a1d218d6939051a5e0f71b702", "model": "sessions.session", "fields": {"expire_date": "2011-07-04 11:47:56", "session_data": "N2U0ODQwYmQ1NzZkNTUyMDc0MDg5MmFkMjA5OTQ5Yzk5YTA3Mjk4YzqAAn1xAShVEl9hdXRoX3Vz\nZXJfYmFja2VuZHECVSlkamFuZ28uY29udHJpYi5hdXRoLmJhY2tlbmRzLk1vZGVsQmFja2VuZHED\nVQ1fYXV0aF91c2VyX2lkcQRLAXUu\n"}}, {"pk": "f13474f6168db143558096bca99e0e6c", "model": "sessions.session", "fields": {"expire_date": "2011-07-04 19:09:55", "session_data": "N2U0ODQwYmQ1NzZkNTUyMDc0MDg5MmFkMjA5OTQ5Yzk5YTA3Mjk4YzqAAn1xAShVEl9hdXRoX3Vz\nZXJfYmFja2VuZHECVSlkamFuZ28uY29udHJpYi5hdXRoLmJhY2tlbmRzLk1vZGVsQmFja2VuZHED\nVQ1fYXV0aF91c2VyX2lkcQRLAXUu\n"}}, {"pk": "750c2cdd2999774a23a84ead37ef190e", "model": "sessions.session", "fields": {"expire_date": "2011-07-10 11:24:14", "session_data": "N2U0ODQwYmQ1NzZkNTUyMDc0MDg5MmFkMjA5OTQ5Yzk5YTA3Mjk4YzqAAn1xAShVEl9hdXRoX3Vz\nZXJfYmFja2VuZHECVSlkamFuZ28uY29udHJpYi5hdXRoLmJhY2tlbmRzLk1vZGVsQmFja2VuZHED\nVQ1fYXV0aF91c2VyX2lkcQRLAXUu\n"}}, {"pk": "868c8c6c7d7c1bc6ca52500933143985", "model": "sessions.session", "fields": {"expire_date": "2011-07-10 13:46:05", "session_data": "N2U0ODQwYmQ1NzZkNTUyMDc0MDg5MmFkMjA5OTQ5Yzk5YTA3Mjk4YzqAAn1xAShVEl9hdXRoX3Vz\nZXJfYmFja2VuZHECVSlkamFuZ28uY29udHJpYi5hdXRoLmJhY2tlbmRzLk1vZGVsQmFja2VuZHED\nVQ1fYXV0aF91c2VyX2lkcQRLAXUu\n"}}, {"pk": "5b3fc80d6c95fe806480ef81a766a658", "model": "sessions.session", "fields": {"expire_date": "2011-07-10 14:09:18", "session_data": "N2U0ODQwYmQ1NzZkNTUyMDc0MDg5MmFkMjA5OTQ5Yzk5YTA3Mjk4YzqAAn1xAShVEl9hdXRoX3Vz\nZXJfYmFja2VuZHECVSlkamFuZ28uY29udHJpYi5hdXRoLmJhY2tlbmRzLk1vZGVsQmFja2VuZHED\nVQ1fYXV0aF91c2VyX2lkcQRLAXUu\n"}}, {"pk": "49da9d2713b956ba0f1a63fc98459ee7", "model": "sessions.session", "fields": {"expire_date": "2011-07-10 14:34:34", "session_data": "N2U0ODQwYmQ1NzZkNTUyMDc0MDg5MmFkMjA5OTQ5Yzk5YTA3Mjk4YzqAAn1xAShVEl9hdXRoX3Vz\nZXJfYmFja2VuZHECVSlkamFuZ28uY29udHJpYi5hdXRoLmJhY2tlbmRzLk1vZGVsQmFja2VuZHED\nVQ1fYXV0aF91c2VyX2lkcQRLAXUu\n"}}, {"pk": "f4ccbc218e39e62441361b507a2930fa", "model": "sessions.session", "fields": {"expire_date": "2011-07-18 10:49:04", "session_data": "OGFkNmE1OTJhMTYxYmJjODVmYzMxMzE0YmVmOWExZTU4NzVhZWYwODqAAn1xAShVCnRlc3Rjb29r\naWVxAlUGd29ya2VkcQNVDV9hdXRoX3VzZXJfaWRxBEsBVRJfYXV0aF91c2VyX2JhY2tlbmRxBVUp\nZGphbmdvLmNvbnRyaWIuYXV0aC5iYWNrZW5kcy5Nb2RlbEJhY2tlbmRxBnUu\n"}}, {"pk": "7c0e618b6c88319dd4c95f9bf8bc87c4", "model": "sessions.session", "fields": {"expire_date": "2011-07-17 21:44:07", "session_data": "OGFkNmE1OTJhMTYxYmJjODVmYzMxMzE0YmVmOWExZTU4NzVhZWYwODqAAn1xAShVCnRlc3Rjb29r\naWVxAlUGd29ya2VkcQNVDV9hdXRoX3VzZXJfaWRxBEsBVRJfYXV0aF91c2VyX2JhY2tlbmRxBVUp\nZGphbmdvLmNvbnRyaWIuYXV0aC5iYWNrZW5kcy5Nb2RlbEJhY2tlbmRxBnUu\n"}}, {"pk": "8b6c2f6f21f6723c6cf667374703bb63", "model": "sessions.session", "fields": {"expire_date": "2011-07-18 11:01:30", "session_data": "N2U0ODQwYmQ1NzZkNTUyMDc0MDg5MmFkMjA5OTQ5Yzk5YTA3Mjk4YzqAAn1xAShVEl9hdXRoX3Vz\nZXJfYmFja2VuZHECVSlkamFuZ28uY29udHJpYi5hdXRoLmJhY2tlbmRzLk1vZGVsQmFja2VuZHED\nVQ1fYXV0aF91c2VyX2lkcQRLAXUu\n"}}, {"pk": "f33eddc97edbe646545362ea44a66cda", "model": "sessions.session", "fields": {"expire_date": "2011-07-20 20:24:38", "session_data": "N2U0ODQwYmQ1NzZkNTUyMDc0MDg5MmFkMjA5OTQ5Yzk5YTA3Mjk4YzqAAn1xAShVEl9hdXRoX3Vz\nZXJfYmFja2VuZHECVSlkamFuZ28uY29udHJpYi5hdXRoLmJhY2tlbmRzLk1vZGVsQmFja2VuZHED\nVQ1fYXV0aF91c2VyX2lkcQRLAXUu\n"}}, {"pk": "3289b1a5d67a0a08f5125c805e860d1a", "model": "sessions.session", "fields": {"expire_date": "2011-07-24 11:04:25", "session_data": "N2U0ODQwYmQ1NzZkNTUyMDc0MDg5MmFkMjA5OTQ5Yzk5YTA3Mjk4YzqAAn1xAShVEl9hdXRoX3Vz\nZXJfYmFja2VuZHECVSlkamFuZ28uY29udHJpYi5hdXRoLmJhY2tlbmRzLk1vZGVsQmFja2VuZHED\nVQ1fYXV0aF91c2VyX2lkcQRLAXUu\n"}}, {"pk": "102cd28e0faaa0a8f462780946b720ce", "model": "sessions.session", "fields": {"expire_date": "2011-07-24 11:09:02", "session_data": "N2U0ODQwYmQ1NzZkNTUyMDc0MDg5MmFkMjA5OTQ5Yzk5YTA3Mjk4YzqAAn1xAShVEl9hdXRoX3Vz\nZXJfYmFja2VuZHECVSlkamFuZ28uY29udHJpYi5hdXRoLmJhY2tlbmRzLk1vZGVsQmFja2VuZHED\nVQ1fYXV0aF91c2VyX2lkcQRLAXUu\n"}}, {"pk": "5de62c4eccf253f6b65abc4774029def", "model": "sessions.session", "fields": {"expire_date": "2011-07-24 12:31:37", "session_data": "N2U0ODQwYmQ1NzZkNTUyMDc0MDg5MmFkMjA5OTQ5Yzk5YTA3Mjk4YzqAAn1xAShVEl9hdXRoX3Vz\nZXJfYmFja2VuZHECVSlkamFuZ28uY29udHJpYi5hdXRoLmJhY2tlbmRzLk1vZGVsQmFja2VuZHED\nVQ1fYXV0aF91c2VyX2lkcQRLAXUu\n"}}, {"pk": "2c22bd108ac0e41d931a7550495fd30a", "model": "sessions.session", "fields": {"expire_date": "2011-07-24 12:53:19", "session_data": "N2U0ODQwYmQ1NzZkNTUyMDc0MDg5MmFkMjA5OTQ5Yzk5YTA3Mjk4YzqAAn1xAShVEl9hdXRoX3Vz\nZXJfYmFja2VuZHECVSlkamFuZ28uY29udHJpYi5hdXRoLmJhY2tlbmRzLk1vZGVsQmFja2VuZHED\nVQ1fYXV0aF91c2VyX2lkcQRLAXUu\n"}}, {"pk": "83492049f5d942759662d79f41354f48", "model": "sessions.session", "fields": {"expire_date": "2011-08-05 16:03:53", "session_data": "N2U0ODQwYmQ1NzZkNTUyMDc0MDg5MmFkMjA5OTQ5Yzk5YTA3Mjk4YzqAAn1xAShVEl9hdXRoX3Vz\nZXJfYmFja2VuZHECVSlkamFuZ28uY29udHJpYi5hdXRoLmJhY2tlbmRzLk1vZGVsQmFja2VuZHED\nVQ1fYXV0aF91c2VyX2lkcQRLAXUu\n"}}, {"pk": "e867624febae3d795169a9193b5c9f27", "model": "sessions.session", "fields": {"expire_date": "2011-08-08 16:51:57", "session_data": "N2U0ODQwYmQ1NzZkNTUyMDc0MDg5MmFkMjA5OTQ5Yzk5YTA3Mjk4YzqAAn1xAShVEl9hdXRoX3Vz\nZXJfYmFja2VuZHECVSlkamFuZ28uY29udHJpYi5hdXRoLmJhY2tlbmRzLk1vZGVsQmFja2VuZHED\nVQ1fYXV0aF91c2VyX2lkcQRLAXUu\n"}}, {"pk": "d84615513be49ee89270153246d0ae47", "model": "sessions.session", "fields": {"expire_date": "2011-08-11 18:06:01", "session_data": "N2U0ODQwYmQ1NzZkNTUyMDc0MDg5MmFkMjA5OTQ5Yzk5YTA3Mjk4YzqAAn1xAShVEl9hdXRoX3Vz\nZXJfYmFja2VuZHECVSlkamFuZ28uY29udHJpYi5hdXRoLmJhY2tlbmRzLk1vZGVsQmFja2VuZHED\nVQ1fYXV0aF91c2VyX2lkcQRLAXUu\n"}}, {"pk": "85d0a924d3ebdaff0791b79f36380623", "model": "sessions.session", "fields": {"expire_date": "2011-08-12 11:54:37", "session_data": "N2U0ODQwYmQ1NzZkNTUyMDc0MDg5MmFkMjA5OTQ5Yzk5YTA3Mjk4YzqAAn1xAShVEl9hdXRoX3Vz\nZXJfYmFja2VuZHECVSlkamFuZ28uY29udHJpYi5hdXRoLmJhY2tlbmRzLk1vZGVsQmFja2VuZHED\nVQ1fYXV0aF91c2VyX2lkcQRLAXUu\n"}}, {"pk": "17b2c082cfdb2aca3c049607b3c7aae4", "model": "sessions.session", "fields": {"expire_date": "2011-08-14 17:11:44", "session_data": "ZmRjYWRkM2ZlODVmNzBkYmNiYWJmYzliNGUwYWQwNmQ1NmNiZTQ0NDqAAn1xAVUKdGVzdGNvb2tp\nZXECVQZ3b3JrZWRxA3Mu\n"}}, {"pk": "ba1c78b64f0b816804f6ef8b487ca641", "model": "sessions.session", "fields": {"expire_date": "2011-08-14 17:35:14", "session_data": "N2U0ODQwYmQ1NzZkNTUyMDc0MDg5MmFkMjA5OTQ5Yzk5YTA3Mjk4YzqAAn1xAShVEl9hdXRoX3Vz\nZXJfYmFja2VuZHECVSlkamFuZ28uY29udHJpYi5hdXRoLmJhY2tlbmRzLk1vZGVsQmFja2VuZHED\nVQ1fYXV0aF91c2VyX2lkcQRLAXUu\n"}}, {"pk": "1dc698f1afceb43b8ddfdd1423aefff1", "model": "sessions.session", "fields": {"expire_date": "2011-08-14 19:25:15", "session_data": "N2U0ODQwYmQ1NzZkNTUyMDc0MDg5MmFkMjA5OTQ5Yzk5YTA3Mjk4YzqAAn1xAShVEl9hdXRoX3Vz\nZXJfYmFja2VuZHECVSlkamFuZ28uY29udHJpYi5hdXRoLmJhY2tlbmRzLk1vZGVsQmFja2VuZHED\nVQ1fYXV0aF91c2VyX2lkcQRLAXUu\n"}}, {"pk": "72e38aa2c1e560505002dc46f875f66b", "model": "sessions.session", "fields": {"expire_date": "2011-08-14 23:28:53", "session_data": "ZmRjYWRkM2ZlODVmNzBkYmNiYWJmYzliNGUwYWQwNmQ1NmNiZTQ0NDqAAn1xAVUKdGVzdGNvb2tp\nZXECVQZ3b3JrZWRxA3Mu\n"}}, {"pk": "adfb02b9b61c54e8629bd71a89222435", "model": "sessions.session", "fields": {"expire_date": "2011-08-15 21:44:32", "session_data": "N2U0ODQwYmQ1NzZkNTUyMDc0MDg5MmFkMjA5OTQ5Yzk5YTA3Mjk4YzqAAn1xAShVEl9hdXRoX3Vz\nZXJfYmFja2VuZHECVSlkamFuZ28uY29udHJpYi5hdXRoLmJhY2tlbmRzLk1vZGVsQmFja2VuZHED\nVQ1fYXV0aF91c2VyX2lkcQRLAXUu\n"}}, {"pk": "4f094fc2065059a5f2e6bb48bb21e160", "model": "sessions.session", "fields": {"expire_date": "2011-08-26 12:15:05", "session_data": "N2U0ODQwYmQ1NzZkNTUyMDc0MDg5MmFkMjA5OTQ5Yzk5YTA3Mjk4YzqAAn1xAShVEl9hdXRoX3Vz\nZXJfYmFja2VuZHECVSlkamFuZ28uY29udHJpYi5hdXRoLmJhY2tlbmRzLk1vZGVsQmFja2VuZHED\nVQ1fYXV0aF91c2VyX2lkcQRLAXUu\n"}}, {"pk": 380, "model": "admin.logentry", "fields": {"action_flag": 2, "action_time": "2011-08-14 18:52:54", "object_repr": "The Dog Daily", "object_id": "4", "change_message": "Changed group, twitter, logo_url_sm and logo_url_lg.", "user": 1, "content_type": 12}}, {"pk": 379, "model": "admin.logentry", "fields": {"action_flag": 2, "action_time": "2011-08-14 18:50:51", "object_repr": "ReadrBoard's Demo", "object_id": "1", "change_message": "Changed twitter.", "user": 1, "content_type": 9}}, {"pk": 378, "model": "admin.logentry", "fields": {"action_flag": 2, "action_time": "2011-08-10 16:17:19", "object_repr": "Daily Candy", "object_id": "3", "change_message": "No fields changed.", "user": 1, "content_type": 9}}, {"pk": 377, "model": "admin.logentry", "fields": {"action_flag": 2, "action_time": "2011-07-31 21:18:49", "object_repr": "tyler.brock@gmail.com", "object_id": "1", "change_message": "Changed admin_approved.", "user": 1, "content_type": 19}}, {"pk": 376, "model": "admin.logentry", "fields": {"action_flag": 2, "action_time": "2011-07-31 19:31:34", "object_repr": "tyler.brock@gmail.com", "object_id": "1", "change_message": "Changed admin_approved and group_admin.", "user": 1, "content_type": 19}}, {"pk": 375, "model": "admin.logentry", "fields": {"action_flag": 2, "action_time": "2011-07-31 19:31:07", "object_repr": "tyler.brock@gmail.com", "object_id": "1", "change_message": "Changed group_admin.", "user": 1, "content_type": 19}}, {"pk": 374, "model": "admin.logentry", "fields": {"action_flag": 2, "action_time": "2011-07-31 19:26:32", "object_repr": "tyler.brock@gmail.com", "object_id": "1", "change_message": "Changed admin_approved.", "user": 1, "content_type": 19}}, {"pk": 373, "model": "admin.logentry", "fields": {"action_flag": 2, "action_time": "2011-07-31 19:25:55", "object_repr": "tyler.brock@gmail.com", "object_id": "1", "change_message": "Changed group_admin.", "user": 1, "content_type": 19}}, {"pk": 372, "model": "admin.logentry", "fields": {"action_flag": 3, "action_time": "2011-07-31 10:03:00", "object_repr": "id: 1", "object_id": "1", "change_message": "", "user": 1, "content_type": 16}}, {"pk": 371, "model": "admin.logentry", "fields": {"action_flag": 3, "action_time": "2011-07-31 10:03:00", "object_repr": "id: 2", "object_id": "2", "change_message": "", "user": 1, "content_type": 16}}, {"pk": 370, "model": "admin.logentry", "fields": {"action_flag": 3, "action_time": "2011-07-31 10:03:00", "object_repr": "id: 3", "object_id": "3", "change_message": "", "user": 1, "content_type": 16}}, {"pk": 369, "model": "admin.logentry", "fields": {"action_flag": 3, "action_time": "2011-07-31 10:03:00", "object_repr": "id: 4", "object_id": "4", "change_message": "", "user": 1, "content_type": 16}}, {"pk": 368, "model": "admin.logentry", "fields": {"action_flag": 3, "action_time": "2011-07-31 10:03:00", "object_repr": "id: 5", "object_id": "5", "change_message": "", "user": 1, "content_type": 16}}, {"pk": 367, "model": "admin.logentry", "fields": {"action_flag": 3, "action_time": "2011-07-31 10:03:00", "object_repr": "id: 6", "object_id": "6", "change_message": "", "user": 1, "content_type": 16}}, {"pk": 366, "model": "admin.logentry", "fields": {"action_flag": 3, "action_time": "2011-07-31 10:03:00", "object_repr": "id: 7", "object_id": "7", "change_message": "", "user": 1, "content_type": 16}}, {"pk": 365, "model": "admin.logentry", "fields": {"action_flag": 3, "action_time": "2011-07-31 10:03:00", "object_repr": "id: 8", "object_id": "8", "change_message": "", "user": 1, "content_type": 16}}, {"pk": 364, "model": "admin.logentry", "fields": {"action_flag": 3, "action_time": "2011-07-31 10:03:00", "object_repr": "id: 9", "object_id": "9", "change_message": "", "user": 1, "content_type": 16}}, {"pk": 363, "model": "admin.logentry", "fields": {"action_flag": 3, "action_time": "2011-07-31 10:03:00", "object_repr": "id: 10", "object_id": "10", "change_message": "", "user": 1, "content_type": 16}}, {"pk": 362, "model": "admin.logentry", "fields": {"action_flag": 3, "action_time": "2011-07-31 10:03:00", "object_repr": "id: 11", "object_id": "11", "change_message": "", "user": 1, "content_type": 16}}, {"pk": 361, "model": "admin.logentry", "fields": {"action_flag": 3, "action_time": "2011-07-31 10:03:00", "object_repr": "id: 12", "object_id": "12", "change_message": "", "user": 1, "content_type": 16}}, {"pk": 360, "model": "admin.logentry", "fields": {"action_flag": 2, "action_time": "2011-07-31 09:53:20", "object_repr": "Studio One", "object_id": "2", "change_message": "Changed word_blacklist.", "user": 1, "content_type": 9}}, {"pk": 359, "model": "admin.logentry", "fields": {"action_flag": 2, "action_time": "2011-07-30 20:45:24", "object_repr": "tyler.brock@gmail.com", "object_id": "1", "change_message": "Changed group_admin.", "user": 1, "content_type": 19}}, {"pk": 358, "model": "admin.logentry", "fields": {"action_flag": 2, "action_time": "2011-07-30 20:39:41", "object_repr": "tyler.brock@gmail.com", "object_id": "1", "change_message": "Changed admin_approved and group_admin.", "user": 1, "content_type": 19}}, {"pk": 357, "model": "admin.logentry", "fields": {"action_flag": 2, "action_time": "2011-07-29 12:48:41", "object_repr": "id: 4", "object_id": "4", "change_message": "Changed approved.", "user": 1, "content_type": 16}}, {"pk": 356, "model": "admin.logentry", "fields": {"action_flag": 2, "action_time": "2011-07-29 11:16:27", "object_repr": "Studio One", "object_id": "2", "change_message": "Changed word_blacklist.", "user": 1, "content_type": 9}}, {"pk": 355, "model": "admin.logentry", "fields": {"action_flag": 2, "action_time": "2011-07-29 11:14:16", "object_repr": "Studio One", "object_id": "2", "change_message": "Changed word_blacklist.", "user": 1, "content_type": 9}}, {"pk": 354, "model": "admin.logentry", "fields": {"action_flag": 2, "action_time": "2011-07-29 11:14:02", "object_repr": "Studio One", "object_id": "2", "change_message": "Changed blessed_tags and word_blacklist.", "user": 1, "content_type": 9}}, {"pk": 353, "model": "admin.logentry", "fields": {"action_flag": 2, "action_time": "2011-07-28 20:41:33", "object_repr": "Studio One", "object_id": "2", "change_message": "No fields changed.", "user": 1, "content_type": 9}}, {"pk": 352, "model": "admin.logentry", "fields": {"action_flag": 2, "action_time": "2011-07-28 20:41:19", "object_repr": "Studio One", "object_id": "2", "change_message": "Changed word_blacklist.", "user": 1, "content_type": 9}}, {"pk": 351, "model": "admin.logentry", "fields": {"action_flag": 2, "action_time": "2011-07-28 20:40:57", "object_repr": "Studio One", "object_id": "2", "change_message": "Changed word_blacklist.", "user": 1, "content_type": 9}}, {"pk": 350, "model": "admin.logentry", "fields": {"action_flag": 2, "action_time": "2011-07-28 20:05:41", "object_repr": "Studio One", "object_id": "2", "change_message": "Changed blessed_tags and word_blacklist.", "user": 1, "content_type": 9}}, {"pk": 349, "model": "admin.logentry", "fields": {"action_flag": 3, "action_time": "2011-07-28 11:42:23", "object_repr": "localhost", "object_id": "1", "change_message": "", "user": 1, "content_type": 12}}, {"pk": 348, "model": "admin.logentry", "fields": {"action_flag": 3, "action_time": "2011-07-28 11:42:23", "object_repr": "aws webserver", "object_id": "2", "change_message": "", "user": 1, "content_type": 12}}, {"pk": 347, "model": "admin.logentry", "fields": {"action_flag": 3, "action_time": "2011-07-28 11:20:27", "object_repr": "Studio One", "object_id": "2", "change_message": "", "user": 1, "content_type": 9}}, {"pk": 346, "model": "admin.logentry", "fields": {"action_flag": 3, "action_time": "2011-07-28 11:20:27", "object_repr": "Daily Candy", "object_id": "3", "change_message": "", "user": 1, "content_type": 9}}, {"pk": 345, "model": "admin.logentry", "fields": {"action_flag": 2, "action_time": "2011-07-25 16:54:41", "object_repr": "Daily Candy", "object_id": "1", "change_message": "No fields changed.", "user": 1, "content_type": 9}}, {"pk": 344, "model": "admin.logentry", "fields": {"action_flag": 2, "action_time": "2011-07-25 16:53:46", "object_repr": "Daily Candy", "object_id": "1", "change_message": "Changed word_blacklist.", "user": 1, "content_type": 9}}, {"pk": 343, "model": "admin.logentry", "fields": {"action_flag": 2, "action_time": "2011-07-24 13:48:01", "object_repr": "Studio One", "object_id": "2", "change_message": "Changed short_name.", "user": 1, "content_type": 9}}, {"pk": 342, "model": "admin.logentry", "fields": {"action_flag": 2, "action_time": "2011-07-22 17:30:18", "object_repr": "SocialAuth object", "object_id": "1", "change_message": "Changed expires.", "user": 1, "content_type": 20}}, {"pk": 341, "model": "admin.logentry", "fields": {"action_flag": 2, "action_time": "2011-07-22 17:02:15", "object_repr": "id: 12", "object_id": "12", "change_message": "Changed user.", "user": 1, "content_type": 16}}, {"pk": 340, "model": "admin.logentry", "fields": {"action_flag": 2, "action_time": "2011-07-22 17:00:59", "object_repr": "id: 13", "object_id": "13", "change_message": "Changed user.", "user": 1, "content_type": 16}}, {"pk": 339, "model": "admin.logentry", "fields": {"action_flag": 2, "action_time": "2011-07-22 11:26:29", "object_repr": "SocialAuth object", "object_id": "3", "change_message": "Changed expires.", "user": 1, "content_type": 20}}, {"pk": 338, "model": "admin.logentry", "fields": {"action_flag": 2, "action_time": "2011-07-10 19:25:41", "object_repr": "Studio One", "object_id": "2", "change_message": "Changed word_blacklist.", "user": 1, "content_type": 9}}, {"pk": 337, "model": "admin.logentry", "fields": {"action_flag": 2, "action_time": "2011-07-10 19:25:27", "object_repr": "Test Group", "object_id": "1", "change_message": "Changed word_blacklist.", "user": 1, "content_type": 9}}, {"pk": 336, "model": "admin.logentry", "fields": {"action_flag": 2, "action_time": "2011-07-10 19:12:00", "object_repr": "Studio One", "object_id": "2", "change_message": "Changed word_blacklist.", "user": 1, "content_type": 9}}, {"pk": 335, "model": "admin.logentry", "fields": {"action_flag": 2, "action_time": "2011-07-10 19:01:19", "object_repr": "Studio One", "object_id": "2", "change_message": "Changed word_blacklist.", "user": 1, "content_type": 9}}, {"pk": 334, "model": "admin.logentry", "fields": {"action_flag": 3, "action_time": "2011-07-10 17:06:13", "object_repr": "3", "object_id": "3", "change_message": "", "user": 1, "content_type": 13}}, {"pk": 333, "model": "admin.logentry", "fields": {"action_flag": 3, "action_time": "2011-07-10 17:06:13", "object_repr": "4", "object_id": "4", "change_message": "", "user": 1, "content_type": 13}}, {"pk": 332, "model": "admin.logentry", "fields": {"action_flag": 3, "action_time": "2011-07-10 12:32:28", "object_repr": "tyler.brock@gmail.com", "object_id": "1", "change_message": "", "user": 1, "content_type": 19}}, {"pk": 331, "model": "admin.logentry", "fields": {"action_flag": 3, "action_time": "2011-07-10 12:16:55", "object_repr": "tyler.brock@gmail.com", "object_id": "1", "change_message": "", "user": 1, "content_type": 19}}, {"pk": 330, "model": "admin.logentry", "fields": {"action_flag": 3, "action_time": "2011-07-10 11:04:35", "object_repr": "tyler.brock@gmail.com", "object_id": "1", "change_message": "", "user": 1, "content_type": 19}}, {"pk": 329, "model": "admin.logentry", "fields": {"action_flag": 3, "action_time": "2011-07-06 20:36:22", "object_repr": "tyler.brock@gmail.com", "object_id": "1", "change_message": "", "user": 1, "content_type": 19}}, {"pk": 328, "model": "admin.logentry", "fields": {"action_flag": 3, "action_time": "2011-06-26 14:04:01", "object_repr": "tyler.brock@gmail.com", "object_id": "6", "change_message": "", "user": 1, "content_type": 3}}, {"pk": 327, "model": "admin.logentry", "fields": {"action_flag": 3, "action_time": "2011-06-26 14:04:01", "object_repr": "lMQv8aieT8K6CJsv5x5zUQ", "object_id": "4", "change_message": "", "user": 1, "content_type": 3}}, {"pk": 326, "model": "admin.logentry", "fields": {"action_flag": 3, "action_time": "2011-06-26 14:04:01", "object_repr": "YakjRzTZTJGOK9gTfhFFSg", "object_id": "2", "change_message": "", "user": 1, "content_type": 3}}, {"pk": 325, "model": "admin.logentry", "fields": {"action_flag": 3, "action_time": "2011-06-26 14:04:01", "object_repr": "PeuDZ/CWT3ex4z0stThvfw", "object_id": "8", "change_message": "", "user": 1, "content_type": 3}}, {"pk": 324, "model": "admin.logentry", "fields": {"action_flag": 3, "action_time": "2011-06-26 14:04:01", "object_repr": "H53fpThzSrK4AK8cTl35WQ", "object_id": "7", "change_message": "", "user": 1, "content_type": 3}}, {"pk": 323, "model": "admin.logentry", "fields": {"action_flag": 3, "action_time": "2011-06-26 14:04:01", "object_repr": "9kvCGG5uQ9KeJuSJ910SMA", "object_id": "5", "change_message": "", "user": 1, "content_type": 3}}, {"pk": 322, "model": "admin.logentry", "fields": {"action_flag": 3, "action_time": "2011-06-26 13:46:16", "object_repr": "id: 1", "object_id": "1", "change_message": "", "user": 1, "content_type": 16}}, {"pk": 321, "model": "admin.logentry", "fields": {"action_flag": 3, "action_time": "2011-06-26 13:46:16", "object_repr": "id: 2", "object_id": "2", "change_message": "", "user": 1, "content_type": 16}}, {"pk": 320, "model": "admin.logentry", "fields": {"action_flag": 3, "action_time": "2011-06-26 13:46:16", "object_repr": "id: 3", "object_id": "3", "change_message": "", "user": 1, "content_type": 16}}, {"pk": 319, "model": "admin.logentry", "fields": {"action_flag": 3, "action_time": "2011-06-26 13:46:16", "object_repr": "id: 4", "object_id": "4", "change_message": "", "user": 1, "content_type": 16}}, {"pk": 318, "model": "admin.logentry", "fields": {"action_flag": 3, "action_time": "2011-06-26 13:46:16", "object_repr": "id: 5", "object_id": "5", "change_message": "", "user": 1, "content_type": 16}}, {"pk": 317, "model": "admin.logentry", "fields": {"action_flag": 3, "action_time": "2011-06-26 13:46:16", "object_repr": "id: 6", "object_id": "6", "change_message": "", "user": 1, "content_type": 16}}, {"pk": 316, "model": "admin.logentry", "fields": {"action_flag": 3, "action_time": "2011-06-26 13:46:16", "object_repr": "id: 7", "object_id": "7", "change_message": "", "user": 1, "content_type": 16}}, {"pk": 315, "model": "admin.logentry", "fields": {"action_flag": 3, "action_time": "2011-06-26 13:46:16", "object_repr": "id: 8", "object_id": "8", "change_message": "", "user": 1, "content_type": 16}}, {"pk": 314, "model": "admin.logentry", "fields": {"action_flag": 3, "action_time": "2011-06-26 13:46:16", "object_repr": "id: 9", "object_id": "9", "change_message": "", "user": 1, "content_type": 16}}, {"pk": 313, "model": "admin.logentry", "fields": {"action_flag": 3, "action_time": "2011-06-26 13:46:16", "object_repr": "id: 10", "object_id": "10", "change_message": "", "user": 1, "content_type": 16}}, {"pk": 312, "model": "admin.logentry", "fields": {"action_flag": 3, "action_time": "2011-06-26 13:46:16", "object_repr": "id: 11", "object_id": "11", "change_message": "", "user": 1, "content_type": 16}}, {"pk": 311, "model": "admin.logentry", "fields": {"action_flag": 3, "action_time": "2011-06-26 13:46:16", "object_repr": "id: 12", "object_id": "12", "change_message": "", "user": 1, "content_type": 16}}, {"pk": 310, "model": "admin.logentry", "fields": {"action_flag": 3, "action_time": "2011-06-26 13:46:16", "object_repr": "id: 13", "object_id": "13", "change_message": "", "user": 1, "content_type": 16}}, {"pk": 309, "model": "admin.logentry", "fields": {"action_flag": 3, "action_time": "2011-06-26 13:46:16", "object_repr": "id: 14", "object_id": "14", "change_message": "", "user": 1, "content_type": 16}}, {"pk": 308, "model": "admin.logentry", "fields": {"action_flag": 3, "action_time": "2011-06-26 13:46:16", "object_repr": "id: 15", "object_id": "15", "change_message": "", "user": 1, "content_type": 16}}, {"pk": 307, "model": "admin.logentry", "fields": {"action_flag": 3, "action_time": "2011-06-26 13:46:16", "object_repr": "id: 16", "object_id": "16", "change_message": "", "user": 1, "content_type": 16}}, {"pk": 306, "model": "admin.logentry", "fields": {"action_flag": 3, "action_time": "2011-06-26 13:46:16", "object_repr": "id: 17", "object_id": "17", "change_message": "", "user": 1, "content_type": 16}}, {"pk": 305, "model": "admin.logentry", "fields": {"action_flag": 3, "action_time": "2011-06-26 13:46:16", "object_repr": "id: 18", "object_id": "18", "change_message": "", "user": 1, "content_type": 16}}, {"pk": 304, "model": "admin.logentry", "fields": {"action_flag": 3, "action_time": "2011-06-26 13:46:16", "object_repr": "id: 19", "object_id": "19", "change_message": "", "user": 1, "content_type": 16}}, {"pk": 303, "model": "admin.logentry", "fields": {"action_flag": 3, "action_time": "2011-06-26 13:46:16", "object_repr": "id: 20", "object_id": "20", "change_message": "", "user": 1, "content_type": 16}}, {"pk": 302, "model": "admin.logentry", "fields": {"action_flag": 3, "action_time": "2011-06-26 13:46:16", "object_repr": "id: 21", "object_id": "21", "change_message": "", "user": 1, "content_type": 16}}, {"pk": 301, "model": "admin.logentry", "fields": {"action_flag": 3, "action_time": "2011-06-26 13:46:16", "object_repr": "id: 22", "object_id": "22", "change_message": "", "user": 1, "content_type": 16}}, {"pk": 300, "model": "admin.logentry", "fields": {"action_flag": 3, "action_time": "2011-06-26 13:46:16", "object_repr": "id: 23", "object_id": "23", "change_message": "", "user": 1, "content_type": 16}}, {"pk": 299, "model": "admin.logentry", "fields": {"action_flag": 3, "action_time": "2011-06-26 13:46:16", "object_repr": "id: 24", "object_id": "24", "change_message": "", "user": 1, "content_type": 16}}, {"pk": 298, "model": "admin.logentry", "fields": {"action_flag": 3, "action_time": "2011-06-26 13:46:16", "object_repr": "id: 25", "object_id": "25", "change_message": "", "user": 1, "content_type": 16}}, {"pk": 297, "model": "admin.logentry", "fields": {"action_flag": 3, "action_time": "2011-06-26 13:46:16", "object_repr": "id: 26", "object_id": "26", "change_message": "", "user": 1, "content_type": 16}}, {"pk": 296, "model": "admin.logentry", "fields": {"action_flag": 3, "action_time": "2011-06-26 13:46:16", "object_repr": "id: 27", "object_id": "27", "change_message": "", "user": 1, "content_type": 16}}, {"pk": 295, "model": "admin.logentry", "fields": {"action_flag": 3, "action_time": "2011-06-26 13:46:16", "object_repr": "id: 28", "object_id": "28", "change_message": "", "user": 1, "content_type": 16}}, {"pk": 294, "model": "admin.logentry", "fields": {"action_flag": 3, "action_time": "2011-06-26 13:46:16", "object_repr": "id: 29", "object_id": "29", "change_message": "", "user": 1, "content_type": 16}}, {"pk": 293, "model": "admin.logentry", "fields": {"action_flag": 3, "action_time": "2011-06-26 13:46:16", "object_repr": "id: 30", "object_id": "30", "change_message": "", "user": 1, "content_type": 16}}, {"pk": 292, "model": "admin.logentry", "fields": {"action_flag": 3, "action_time": "2011-06-26 13:46:16", "object_repr": "id: 31", "object_id": "31", "change_message": "", "user": 1, "content_type": 16}}, {"pk": 291, "model": "admin.logentry", "fields": {"action_flag": 3, "action_time": "2011-06-26 13:46:16", "object_repr": "id: 32", "object_id": "32", "change_message": "", "user": 1, "content_type": 16}}, {"pk": 290, "model": "admin.logentry", "fields": {"action_flag": 3, "action_time": "2011-06-26 13:46:16", "object_repr": "id: 33", "object_id": "33", "change_message": "", "user": 1, "content_type": 16}}, {"pk": 289, "model": "admin.logentry", "fields": {"action_flag": 3, "action_time": "2011-06-26 13:46:16", "object_repr": "id: 34", "object_id": "34", "change_message": "", "user": 1, "content_type": 16}}, {"pk": 288, "model": "admin.logentry", "fields": {"action_flag": 3, "action_time": "2011-06-26 13:46:16", "object_repr": "id: 35", "object_id": "35", "change_message": "", "user": 1, "content_type": 16}}, {"pk": 287, "model": "admin.logentry", "fields": {"action_flag": 3, "action_time": "2011-06-26 13:46:16", "object_repr": "id: 36", "object_id": "36", "change_message": "", "user": 1, "content_type": 16}}, {"pk": 286, "model": "admin.logentry", "fields": {"action_flag": 3, "action_time": "2011-06-26 13:46:16", "object_repr": "id: 37", "object_id": "37", "change_message": "", "user": 1, "content_type": 16}}, {"pk": 285, "model": "admin.logentry", "fields": {"action_flag": 3, "action_time": "2011-06-26 13:46:16", "object_repr": "id: 38", "object_id": "38", "change_message": "", "user": 1, "content_type": 16}}, {"pk": 284, "model": "admin.logentry", "fields": {"action_flag": 3, "action_time": "2011-06-26 13:46:16", "object_repr": "id: 39", "object_id": "39", "change_message": "", "user": 1, "content_type": 16}}, {"pk": 283, "model": "admin.logentry", "fields": {"action_flag": 3, "action_time": "2011-06-26 13:46:16", "object_repr": "id: 40", "object_id": "40", "change_message": "", "user": 1, "content_type": 16}}, {"pk": 282, "model": "admin.logentry", "fields": {"action_flag": 3, "action_time": "2011-06-20 11:31:36", "object_repr": "tyler.brock@gmail.com", "object_id": "3", "change_message": "", "user": 1, "content_type": 3}}, {"pk": 281, "model": "admin.logentry", "fields": {"action_flag": 3, "action_time": "2011-06-20 11:28:55", "object_repr": "tyler.brock@gmail.com", "object_id": "1", "change_message": "", "user": 1, "content_type": 19}}, {"pk": 280, "model": "admin.logentry", "fields": {"action_flag": 3, "action_time": "2011-06-20 11:28:30", "object_repr": "SocialAuth object", "object_id": "3", "change_message": "", "user": 1, "content_type": 20}}, {"pk": 279, "model": "admin.logentry", "fields": {"action_flag": 3, "action_time": "2011-06-18 14:00:05", "object_repr": "B : http://localhost:8080/static/ui-prototype/dailycandy.html", "object_id": "1", "change_message": "", "user": 1, "content_type": 17}}, {"pk": 278, "model": "admin.logentry", "fields": {"action_flag": 3, "action_time": "2011-06-18 14:00:05", "object_repr": "C : http://localhost:8080/static/ui-prototype/dailycandy.html", "object_id": "2", "change_message": "", "user": 1, "content_type": 17}}, {"pk": 277, "model": "admin.logentry", "fields": {"action_flag": 3, "action_time": "2011-06-18 14:00:05", "object_repr": "D : http://localhost:8080/static/ui-prototype/dailycandy.html", "object_id": "3", "change_message": "", "user": 1, "content_type": 17}}, {"pk": 276, "model": "admin.logentry", "fields": {"action_flag": 3, "action_time": "2011-06-18 14:00:05", "object_repr": "E : http://localhost:8080/static/ui-prototype/dailycandy.html", "object_id": "4", "change_message": "", "user": 1, "content_type": 17}}, {"pk": 275, "model": "admin.logentry", "fields": {"action_flag": 3, "action_time": "2011-06-18 14:00:05", "object_repr": "F : http://localhost:8080/static/ui-prototype/dailycandy.html", "object_id": "5", "change_message": "", "user": 1, "content_type": 17}}, {"pk": 274, "model": "admin.logentry", "fields": {"action_flag": 3, "action_time": "2011-06-18 14:00:05", "object_repr": "G : http://localhost:8080/static/ui-prototype/dailycandy.html", "object_id": "6", "change_message": "", "user": 1, "content_type": 17}}, {"pk": 273, "model": "admin.logentry", "fields": {"action_flag": 3, "action_time": "2011-06-18 14:00:05", "object_repr": "H : http://localhost:8080/static/ui-prototype/dailycandy.html", "object_id": "7", "change_message": "", "user": 1, "content_type": 17}}, {"pk": 272, "model": "admin.logentry", "fields": {"action_flag": 3, "action_time": "2011-06-18 13:39:13", "object_repr": "1 : 03b345889c036cd609a5d54b4e8701ca", "object_id": "1", "change_message": "", "user": 1, "content_type": 15}}, {"pk": 271, "model": "admin.logentry", "fields": {"action_flag": 3, "action_time": "2011-06-18 13:39:13", "object_repr": "2 : 17c98247d9d6593ae8a7ab8795ff92c6", "object_id": "2", "change_message": "", "user": 1, "content_type": 15}}, {"pk": 270, "model": "admin.logentry", "fields": {"action_flag": 3, "action_time": "2011-06-18 13:39:13", "object_repr": "3 : 5d2b80ee79b0975dd0b8ed7e7d22ab3f", "object_id": "3", "change_message": "", "user": 1, "content_type": 15}}, {"pk": 269, "model": "admin.logentry", "fields": {"action_flag": 3, "action_time": "2011-06-18 13:39:13", "object_repr": "4 : e39bebb30ec67ebc6828452978850633", "object_id": "4", "change_message": "", "user": 1, "content_type": 15}}, {"pk": 268, "model": "admin.logentry", "fields": {"action_flag": 3, "action_time": "2011-06-18 13:39:13", "object_repr": "5 : 832488509bab1d36d54976cab06774d2", "object_id": "5", "change_message": "", "user": 1, "content_type": 15}}, {"pk": 267, "model": "admin.logentry", "fields": {"action_flag": 3, "action_time": "2011-06-18 13:39:13", "object_repr": "6 : cec0ba85b14e296c8d08d00da2a72c19", "object_id": "6", "change_message": "", "user": 1, "content_type": 15}}, {"pk": 266, "model": "admin.logentry", "fields": {"action_flag": 3, "action_time": "2011-06-18 13:39:13", "object_repr": "7 : bdb301ff0d6bc42826f7c6435d4fca8c", "object_id": "7", "change_message": "", "user": 1, "content_type": 15}}, {"pk": 265, "model": "admin.logentry", "fields": {"action_flag": 3, "action_time": "2011-06-18 13:39:13", "object_repr": "8 : 9e5472fbb7a4e525b454949d3b8ce968", "object_id": "8", "change_message": "", "user": 1, "content_type": 15}}, {"pk": 264, "model": "admin.logentry", "fields": {"action_flag": 3, "action_time": "2011-06-18 13:39:13", "object_repr": "9 : ede5652e87cdbbeca1b2a3b4097cfbcc", "object_id": "9", "change_message": "", "user": 1, "content_type": 15}}, {"pk": 263, "model": "admin.logentry", "fields": {"action_flag": 3, "action_time": "2011-06-18 13:39:13", "object_repr": "10 : bcbdf9639e712a423d6b70605e7b06cc", "object_id": "10", "change_message": "", "user": 1, "content_type": 15}}, {"pk": 262, "model": "admin.logentry", "fields": {"action_flag": 3, "action_time": "2011-06-18 13:39:13", "object_repr": "11 : 48c723c905d3f1b8e2dd5ae27b3ccf9c", "object_id": "11", "change_message": "", "user": 1, "content_type": 15}}, {"pk": 261, "model": "admin.logentry", "fields": {"action_flag": 3, "action_time": "2011-06-18 13:39:12", "object_repr": "12 : 1323d8d4bbed0d846761b5ab5e1ecade", "object_id": "12", "change_message": "", "user": 1, "content_type": 15}}, {"pk": 260, "model": "admin.logentry", "fields": {"action_flag": 3, "action_time": "2011-06-18 13:39:12", "object_repr": "13 : d29753d8b07e5ce70ace9e5fa80c71f5", "object_id": "13", "change_message": "", "user": 1, "content_type": 15}}, {"pk": 259, "model": "admin.logentry", "fields": {"action_flag": 3, "action_time": "2011-06-18 13:39:12", "object_repr": "14 : 21ad50755bd4cd3e79143c0d62b15f67", "object_id": "14", "change_message": "", "user": 1, "content_type": 15}}, {"pk": 258, "model": "admin.logentry", "fields": {"action_flag": 3, "action_time": "2011-06-18 13:39:12", "object_repr": "15 : 3dda62460510f172454ef2dd5486d2a6", "object_id": "15", "change_message": "", "user": 1, "content_type": 15}}, {"pk": 257, "model": "admin.logentry", "fields": {"action_flag": 3, "action_time": "2011-06-18 13:39:12", "object_repr": "16 : 8930c16c3df989a79fd0c163fc14aeb2", "object_id": "16", "change_message": "", "user": 1, "content_type": 15}}, {"pk": 256, "model": "admin.logentry", "fields": {"action_flag": 3, "action_time": "2011-06-18 13:39:12", "object_repr": "17 : 530d30da22156b20a6f721517af03165", "object_id": "17", "change_message": "", "user": 1, "content_type": 15}}, {"pk": 255, "model": "admin.logentry", "fields": {"action_flag": 3, "action_time": "2011-06-18 13:39:12", "object_repr": "18 : 39a07248a9f302d6759eb8f34c9cb226", "object_id": "18", "change_message": "", "user": 1, "content_type": 15}}, {"pk": 254, "model": "admin.logentry", "fields": {"action_flag": 3, "action_time": "2011-06-18 13:39:12", "object_repr": "19 : 6a827e7fe1b17d4023e6ada68604892f", "object_id": "19", "change_message": "", "user": 1, "content_type": 15}}, {"pk": 253, "model": "admin.logentry", "fields": {"action_flag": 3, "action_time": "2011-06-18 13:39:12", "object_repr": "20 : a172f4ae104b9a31080f55984365f1a9", "object_id": "20", "change_message": "", "user": 1, "content_type": 15}}, {"pk": 252, "model": "admin.logentry", "fields": {"action_flag": 3, "action_time": "2011-06-18 13:39:12", "object_repr": "21 : 9483def1f9b41184318f44725a70bce5", "object_id": "21", "change_message": "", "user": 1, "content_type": 15}}, {"pk": 251, "model": "admin.logentry", "fields": {"action_flag": 3, "action_time": "2011-06-18 13:39:12", "object_repr": "22 : 20ccb0def44e5e26eca479ff9d72c885", "object_id": "22", "change_message": "", "user": 1, "content_type": 15}}, {"pk": 250, "model": "admin.logentry", "fields": {"action_flag": 3, "action_time": "2011-06-18 13:39:12", "object_repr": "23 : 3ac391c419553343bc552b787077523e", "object_id": "23", "change_message": "", "user": 1, "content_type": 15}}, {"pk": 249, "model": "admin.logentry", "fields": {"action_flag": 3, "action_time": "2011-06-18 13:39:12", "object_repr": "24 : e4585600fcefc70c51effa710a52151d", "object_id": "24", "change_message": "", "user": 1, "content_type": 15}}, {"pk": 248, "model": "admin.logentry", "fields": {"action_flag": 3, "action_time": "2011-06-18 13:39:12", "object_repr": "25 : f8310234509d9f14b9899121223f7c8c", "object_id": "25", "change_message": "", "user": 1, "content_type": 15}}, {"pk": 247, "model": "admin.logentry", "fields": {"action_flag": 3, "action_time": "2011-06-18 13:39:12", "object_repr": "26 : 1f6201df80ab5ce25b4d55e22c5a5e01", "object_id": "26", "change_message": "", "user": 1, "content_type": 15}}, {"pk": 246, "model": "admin.logentry", "fields": {"action_flag": 3, "action_time": "2011-06-18 13:39:12", "object_repr": "27 : cc04e94b698a3330a6653ee6c0cd706b", "object_id": "27", "change_message": "", "user": 1, "content_type": 15}}, {"pk": 245, "model": "admin.logentry", "fields": {"action_flag": 3, "action_time": "2011-06-18 13:39:12", "object_repr": "28 : b5307b02b4fd2918572ea4145d774036", "object_id": "28", "change_message": "", "user": 1, "content_type": 15}}, {"pk": 244, "model": "admin.logentry", "fields": {"action_flag": 3, "action_time": "2011-06-18 13:39:12", "object_repr": "29 : 2678e02a38afc5360985eda708af64c1", "object_id": "29", "change_message": "", "user": 1, "content_type": 15}}, {"pk": 243, "model": "admin.logentry", "fields": {"action_flag": 3, "action_time": "2011-06-18 13:39:12", "object_repr": "30 : 0461305077dd8846e19984e82013c2b8", "object_id": "30", "change_message": "", "user": 1, "content_type": 15}}, {"pk": 242, "model": "admin.logentry", "fields": {"action_flag": 3, "action_time": "2011-06-18 13:39:12", "object_repr": "31 : 3cb840255b4b9ffd3443c458b31629bb", "object_id": "31", "change_message": "", "user": 1, "content_type": 15}}, {"pk": 241, "model": "admin.logentry", "fields": {"action_flag": 3, "action_time": "2011-06-18 13:39:12", "object_repr": "32 : 112d8ab1f71da283044389d29ff48e19", "object_id": "32", "change_message": "", "user": 1, "content_type": 15}}, {"pk": 240, "model": "admin.logentry", "fields": {"action_flag": 3, "action_time": "2011-06-18 13:17:30", "object_repr": "1 : 03b345889c036cd609a5d54b4e8701ca", "object_id": "1", "change_message": "", "user": 1, "content_type": 15}}, {"pk": 239, "model": "admin.logentry", "fields": {"action_flag": 3, "action_time": "2011-06-18 13:17:30", "object_repr": "2 : 17c98247d9d6593ae8a7ab8795ff92c6", "object_id": "2", "change_message": "", "user": 1, "content_type": 15}}, {"pk": 238, "model": "admin.logentry", "fields": {"action_flag": 3, "action_time": "2011-06-18 13:17:30", "object_repr": "3 : 5d2b80ee79b0975dd0b8ed7e7d22ab3f", "object_id": "3", "change_message": "", "user": 1, "content_type": 15}}, {"pk": 237, "model": "admin.logentry", "fields": {"action_flag": 3, "action_time": "2011-06-18 13:17:30", "object_repr": "4 : e39bebb30ec67ebc6828452978850633", "object_id": "4", "change_message": "", "user": 1, "content_type": 15}}, {"pk": 236, "model": "admin.logentry", "fields": {"action_flag": 3, "action_time": "2011-06-18 13:17:30", "object_repr": "5 : 832488509bab1d36d54976cab06774d2", "object_id": "5", "change_message": "", "user": 1, "content_type": 15}}, {"pk": 235, "model": "admin.logentry", "fields": {"action_flag": 3, "action_time": "2011-06-18 13:17:30", "object_repr": "6 : cec0ba85b14e296c8d08d00da2a72c19", "object_id": "6", "change_message": "", "user": 1, "content_type": 15}}, {"pk": 234, "model": "admin.logentry", "fields": {"action_flag": 3, "action_time": "2011-06-18 13:17:30", "object_repr": "7 : bdb301ff0d6bc42826f7c6435d4fca8c", "object_id": "7", "change_message": "", "user": 1, "content_type": 15}}, {"pk": 233, "model": "admin.logentry", "fields": {"action_flag": 3, "action_time": "2011-06-18 13:17:30", "object_repr": "8 : 9e5472fbb7a4e525b454949d3b8ce968", "object_id": "8", "change_message": "", "user": 1, "content_type": 15}}, {"pk": 232, "model": "admin.logentry", "fields": {"action_flag": 3, "action_time": "2011-06-18 13:17:30", "object_repr": "9 : ede5652e87cdbbeca1b2a3b4097cfbcc", "object_id": "9", "change_message": "", "user": 1, "content_type": 15}}, {"pk": 231, "model": "admin.logentry", "fields": {"action_flag": 3, "action_time": "2011-06-18 13:17:30", "object_repr": "10 : bcbdf9639e712a423d6b70605e7b06cc", "object_id": "10", "change_message": "", "user": 1, "content_type": 15}}, {"pk": 230, "model": "admin.logentry", "fields": {"action_flag": 3, "action_time": "2011-06-18 13:17:30", "object_repr": "11 : 48c723c905d3f1b8e2dd5ae27b3ccf9c", "object_id": "11", "change_message": "", "user": 1, "content_type": 15}}, {"pk": 229, "model": "admin.logentry", "fields": {"action_flag": 3, "action_time": "2011-06-18 13:17:30", "object_repr": "12 : 1323d8d4bbed0d846761b5ab5e1ecade", "object_id": "12", "change_message": "", "user": 1, "content_type": 15}}, {"pk": 228, "model": "admin.logentry", "fields": {"action_flag": 3, "action_time": "2011-06-18 13:17:30", "object_repr": "13 : d29753d8b07e5ce70ace9e5fa80c71f5", "object_id": "13", "change_message": "", "user": 1, "content_type": 15}}, {"pk": 227, "model": "admin.logentry", "fields": {"action_flag": 3, "action_time": "2011-06-18 13:17:30", "object_repr": "14 : 21ad50755bd4cd3e79143c0d62b15f67", "object_id": "14", "change_message": "", "user": 1, "content_type": 15}}, {"pk": 226, "model": "admin.logentry", "fields": {"action_flag": 3, "action_time": "2011-06-18 13:17:30", "object_repr": "15 : 3dda62460510f172454ef2dd5486d2a6", "object_id": "15", "change_message": "", "user": 1, "content_type": 15}}, {"pk": 225, "model": "admin.logentry", "fields": {"action_flag": 3, "action_time": "2011-06-18 13:17:30", "object_repr": "16 : 8930c16c3df989a79fd0c163fc14aeb2", "object_id": "16", "change_message": "", "user": 1, "content_type": 15}}, {"pk": 224, "model": "admin.logentry", "fields": {"action_flag": 3, "action_time": "2011-06-18 13:17:30", "object_repr": "17 : 530d30da22156b20a6f721517af03165", "object_id": "17", "change_message": "", "user": 1, "content_type": 15}}, {"pk": 223, "model": "admin.logentry", "fields": {"action_flag": 3, "action_time": "2011-06-18 13:17:30", "object_repr": "18 : 39a07248a9f302d6759eb8f34c9cb226", "object_id": "18", "change_message": "", "user": 1, "content_type": 15}}, {"pk": 222, "model": "admin.logentry", "fields": {"action_flag": 3, "action_time": "2011-06-18 13:17:30", "object_repr": "19 : 6a827e7fe1b17d4023e6ada68604892f", "object_id": "19", "change_message": "", "user": 1, "content_type": 15}}, {"pk": 221, "model": "admin.logentry", "fields": {"action_flag": 3, "action_time": "2011-06-18 13:17:30", "object_repr": "20 : a172f4ae104b9a31080f55984365f1a9", "object_id": "20", "change_message": "", "user": 1, "content_type": 15}}, {"pk": 220, "model": "admin.logentry", "fields": {"action_flag": 3, "action_time": "2011-06-18 13:17:30", "object_repr": "21 : 9483def1f9b41184318f44725a70bce5", "object_id": "21", "change_message": "", "user": 1, "content_type": 15}}, {"pk": 219, "model": "admin.logentry", "fields": {"action_flag": 3, "action_time": "2011-06-18 13:17:30", "object_repr": "22 : 20ccb0def44e5e26eca479ff9d72c885", "object_id": "22", "change_message": "", "user": 1, "content_type": 15}}, {"pk": 218, "model": "admin.logentry", "fields": {"action_flag": 3, "action_time": "2011-06-18 13:17:30", "object_repr": "23 : 3ac391c419553343bc552b787077523e", "object_id": "23", "change_message": "", "user": 1, "content_type": 15}}, {"pk": 217, "model": "admin.logentry", "fields": {"action_flag": 3, "action_time": "2011-06-18 13:17:30", "object_repr": "24 : e4585600fcefc70c51effa710a52151d", "object_id": "24", "change_message": "", "user": 1, "content_type": 15}}, {"pk": 216, "model": "admin.logentry", "fields": {"action_flag": 3, "action_time": "2011-06-18 13:17:30", "object_repr": "25 : f8310234509d9f14b9899121223f7c8c", "object_id": "25", "change_message": "", "user": 1, "content_type": 15}}, {"pk": 215, "model": "admin.logentry", "fields": {"action_flag": 3, "action_time": "2011-06-18 13:17:30", "object_repr": "26 : 1f6201df80ab5ce25b4d55e22c5a5e01", "object_id": "26", "change_message": "", "user": 1, "content_type": 15}}, {"pk": 214, "model": "admin.logentry", "fields": {"action_flag": 3, "action_time": "2011-06-18 13:17:30", "object_repr": "27 : cc04e94b698a3330a6653ee6c0cd706b", "object_id": "27", "change_message": "", "user": 1, "content_type": 15}}, {"pk": 213, "model": "admin.logentry", "fields": {"action_flag": 3, "action_time": "2011-06-18 13:17:30", "object_repr": "28 : b5307b02b4fd2918572ea4145d774036", "object_id": "28", "change_message": "", "user": 1, "content_type": 15}}, {"pk": 212, "model": "admin.logentry", "fields": {"action_flag": 3, "action_time": "2011-06-18 13:17:30", "object_repr": "29 : 2678e02a38afc5360985eda708af64c1", "object_id": "29", "change_message": "", "user": 1, "content_type": 15}}, {"pk": 211, "model": "admin.logentry", "fields": {"action_flag": 3, "action_time": "2011-06-18 13:17:30", "object_repr": "30 : 0461305077dd8846e19984e82013c2b8", "object_id": "30", "change_message": "", "user": 1, "content_type": 15}}, {"pk": 210, "model": "admin.logentry", "fields": {"action_flag": 3, "action_time": "2011-06-18 13:17:30", "object_repr": "31 : 3cb840255b4b9ffd3443c458b31629bb", "object_id": "31", "change_message": "", "user": 1, "content_type": 15}}, {"pk": 209, "model": "admin.logentry", "fields": {"action_flag": 3, "action_time": "2011-06-18 13:17:30", "object_repr": "32 : 112d8ab1f71da283044389d29ff48e19", "object_id": "32", "change_message": "", "user": 1, "content_type": 15}}, {"pk": 208, "model": "admin.logentry", "fields": {"action_flag": 3, "action_time": "2011-06-18 13:17:30", "object_repr": "33 : ae6bafbc9fca3d0b1056f249aaf0fbc9", "object_id": "33", "change_message": "", "user": 1, "content_type": 15}}, {"pk": 207, "model": "admin.logentry", "fields": {"action_flag": 2, "action_time": "2011-06-13 11:42:48", "object_repr": "id: 11", "object_id": "11", "change_message": "Changed user.", "user": 1, "content_type": 16}}, {"pk": 206, "model": "admin.logentry", "fields": {"action_flag": 2, "action_time": "2011-06-13 11:42:37", "object_repr": "id: 10", "object_id": "10", "change_message": "Changed user.", "user": 1, "content_type": 16}}, {"pk": 205, "model": "admin.logentry", "fields": {"action_flag": 2, "action_time": "2011-06-13 11:25:57", "object_repr": "id: 4", "object_id": "4", "change_message": "Changed parent.", "user": 1, "content_type": 16}}, {"pk": 204, "model": "admin.logentry", "fields": {"action_flag": 2, "action_time": "2011-06-13 11:25:33", "object_repr": "id: 4", "object_id": "4", "change_message": "Changed content.", "user": 1, "content_type": 16}}, {"pk": 203, "model": "admin.logentry", "fields": {"action_flag": 2, "action_time": "2011-06-13 11:00:08", "object_repr": "id: 6", "object_id": "6", "change_message": "Changed user.", "user": 1, "content_type": 16}}, {"pk": 202, "model": "admin.logentry", "fields": {"action_flag": 3, "action_time": "2011-06-12 16:46:34", "object_repr": "Kind: txt, ID: 1", "object_id": "1", "change_message": "", "user": 1, "content_type": 14}}, {"pk": 201, "model": "admin.logentry", "fields": {"action_flag": 3, "action_time": "2011-06-12 16:46:34", "object_repr": "Kind: txt, ID: 2", "object_id": "2", "change_message": "", "user": 1, "content_type": 14}}, {"pk": 200, "model": "admin.logentry", "fields": {"action_flag": 3, "action_time": "2011-06-12 16:46:34", "object_repr": "Kind: txt, ID: 3", "object_id": "3", "change_message": "", "user": 1, "content_type": 14}}, {"pk": 199, "model": "admin.logentry", "fields": {"action_flag": 3, "action_time": "2011-06-12 16:46:34", "object_repr": "Kind: txt, ID: 4", "object_id": "4", "change_message": "", "user": 1, "content_type": 14}}, {"pk": 198, "model": "admin.logentry", "fields": {"action_flag": 3, "action_time": "2011-06-12 16:46:34", "object_repr": "Kind: txt, ID: 5", "object_id": "5", "change_message": "", "user": 1, "content_type": 14}}, {"pk": 197, "model": "admin.logentry", "fields": {"action_flag": 3, "action_time": "2011-06-12 16:46:34", "object_repr": "Kind: txt, ID: 6", "object_id": "6", "change_message": "", "user": 1, "content_type": 14}}, {"pk": 196, "model": "admin.logentry", "fields": {"action_flag": 3, "action_time": "2011-06-12 16:46:34", "object_repr": "Kind: txt, ID: 7", "object_id": "7", "change_message": "", "user": 1, "content_type": 14}}, {"pk": 195, "model": "admin.logentry", "fields": {"action_flag": 3, "action_time": "2011-06-12 16:46:34", "object_repr": "Kind: txt, ID: 8", "object_id": "8", "change_message": "", "user": 1, "content_type": 14}}, {"pk": 194, "model": "admin.logentry", "fields": {"action_flag": 2, "action_time": "2011-06-12 16:43:15", "object_repr": "Kind: txt, ID: 4", "object_id": "4", "change_message": "Changed body.", "user": 1, "content_type": 14}}, {"pk": 193, "model": "admin.logentry", "fields": {"action_flag": 2, "action_time": "2011-06-11 15:57:40", "object_repr": "id: 19", "object_id": "19", "change_message": "Changed user and interaction_node.", "user": 1, "content_type": 16}}, {"pk": 192, "model": "admin.logentry", "fields": {"action_flag": 1, "action_time": "2011-06-09 22:18:39", "object_repr": "B : http://localhost:8080/static/ui-prototype/dailycandy.html", "object_id": "1", "change_message": "", "user": 1, "content_type": 17}}, {"pk": 191, "model": "admin.logentry", "fields": {"action_flag": 3, "action_time": "2011-06-09 22:00:22", "object_repr": "id: 7", "object_id": "7", "change_message": "", "user": 1, "content_type": 16}}, {"pk": 190, "model": "admin.logentry", "fields": {"action_flag": 3, "action_time": "2011-06-09 22:00:17", "object_repr": "id: 1", "object_id": "1", "change_message": "", "user": 1, "content_type": 16}}, {"pk": 189, "model": "admin.logentry", "fields": {"action_flag": 3, "action_time": "2011-06-09 22:00:17", "object_repr": "id: 2", "object_id": "2", "change_message": "", "user": 1, "content_type": 16}}, {"pk": 188, "model": "admin.logentry", "fields": {"action_flag": 3, "action_time": "2011-06-09 22:00:17", "object_repr": "id: 3", "object_id": "3", "change_message": "", "user": 1, "content_type": 16}}, {"pk": 187, "model": "admin.logentry", "fields": {"action_flag": 3, "action_time": "2011-06-09 22:00:17", "object_repr": "id: 4", "object_id": "4", "change_message": "", "user": 1, "content_type": 16}}, {"pk": 186, "model": "admin.logentry", "fields": {"action_flag": 3, "action_time": "2011-06-09 22:00:17", "object_repr": "id: 5", "object_id": "5", "change_message": "", "user": 1, "content_type": 16}}, {"pk": 185, "model": "admin.logentry", "fields": {"action_flag": 3, "action_time": "2011-06-09 22:00:17", "object_repr": "id: 6", "object_id": "6", "change_message": "", "user": 1, "content_type": 16}}, {"pk": 184, "model": "admin.logentry", "fields": {"action_flag": 3, "action_time": "2011-06-09 11:44:12", "object_repr": "id: 7", "object_id": "7", "change_message": "", "user": 1, "content_type": 16}}, {"pk": 183, "model": "admin.logentry", "fields": {"action_flag": 2, "action_time": "2011-06-09 11:40:55", "object_repr": "ID: 5, Body: Except for the uncle in H", "object_id": "5", "change_message": "Changed body.", "user": 1, "content_type": 8}}, {"pk": 182, "model": "admin.logentry", "fields": {"action_flag": 3, "action_time": "2011-06-09 11:38:32", "object_repr": "id: 1", "object_id": "1", "change_message": "", "user": 1, "content_type": 16}}, {"pk": 181, "model": "admin.logentry", "fields": {"action_flag": 2, "action_time": "2011-06-09 09:55:51", "object_repr": "Test Group", "object_id": "1", "change_message": "Changed logo_url_sm.", "user": 1, "content_type": 9}}, {"pk": 180, "model": "admin.logentry", "fields": {"action_flag": 3, "action_time": "2011-06-05 23:13:34", "object_repr": "id: 2", "object_id": "2", "change_message": "", "user": 1, "content_type": 16}}, {"pk": 179, "model": "admin.logentry", "fields": {"action_flag": 3, "action_time": "2011-06-05 23:13:34", "object_repr": "id: 1", "object_id": "1", "change_message": "", "user": 1, "content_type": 16}}, {"pk": 178, "model": "admin.logentry", "fields": {"action_flag": 3, "action_time": "2011-06-05 19:58:26", "object_repr": "id: 11", "object_id": "11", "change_message": "", "user": 1, "content_type": 16}}, {"pk": 177, "model": "admin.logentry", "fields": {"action_flag": 3, "action_time": "2011-06-05 19:58:26", "object_repr": "id: 10", "object_id": "10", "change_message": "", "user": 1, "content_type": 16}}, {"pk": 176, "model": "admin.logentry", "fields": {"action_flag": 3, "action_time": "2011-06-05 19:58:20", "object_repr": "id: 9", "object_id": "9", "change_message": "", "user": 1, "content_type": 16}}, {"pk": 175, "model": "admin.logentry", "fields": {"action_flag": 3, "action_time": "2011-06-05 19:58:20", "object_repr": "id: 8", "object_id": "8", "change_message": "", "user": 1, "content_type": 16}}, {"pk": 174, "model": "admin.logentry", "fields": {"action_flag": 3, "action_time": "2011-06-05 19:58:20", "object_repr": "id: 7", "object_id": "7", "change_message": "", "user": 1, "content_type": 16}}, {"pk": 173, "model": "admin.logentry", "fields": {"action_flag": 3, "action_time": "2011-06-05 19:58:20", "object_repr": "id: 6", "object_id": "6", "change_message": "", "user": 1, "content_type": 16}}, {"pk": 172, "model": "admin.logentry", "fields": {"action_flag": 3, "action_time": "2011-06-05 19:58:20", "object_repr": "id: 5", "object_id": "5", "change_message": "", "user": 1, "content_type": 16}}, {"pk": 171, "model": "admin.logentry", "fields": {"action_flag": 3, "action_time": "2011-06-05 19:58:20", "object_repr": "id: 4", "object_id": "4", "change_message": "", "user": 1, "content_type": 16}}, {"pk": 170, "model": "admin.logentry", "fields": {"action_flag": 3, "action_time": "2011-06-05 19:58:20", "object_repr": "id: 3", "object_id": "3", "change_message": "", "user": 1, "content_type": 16}}, {"pk": 169, "model": "admin.logentry", "fields": {"action_flag": 3, "action_time": "2011-06-05 19:58:20", "object_repr": "id: 2", "object_id": "2", "change_message": "", "user": 1, "content_type": 16}}, {"pk": 168, "model": "admin.logentry", "fields": {"action_flag": 3, "action_time": "2011-06-05 19:58:20", "object_repr": "id: 1", "object_id": "1", "change_message": "", "user": 1, "content_type": 16}}, {"pk": 167, "model": "admin.logentry", "fields": {"action_flag": 3, "action_time": "2011-06-05 12:02:27", "object_repr": "1", "object_id": "1", "change_message": "", "user": 1, "content_type": 13}}, {"pk": 166, "model": "admin.logentry", "fields": {"action_flag": 3, "action_time": "2011-06-04 20:57:45", "object_repr": "1 : 6f8ca54c0517de75a0b2cac7272d26cd", "object_id": "1", "change_message": "", "user": 1, "content_type": 15}}, {"pk": 165, "model": "admin.logentry", "fields": {"action_flag": 3, "action_time": "2011-06-04 20:57:45", "object_repr": "2 : 9b13f50716884b5aa21db37084faf87f", "object_id": "2", "change_message": "", "user": 1, "content_type": 15}}, {"pk": 164, "model": "admin.logentry", "fields": {"action_flag": 3, "action_time": "2011-06-04 20:57:45", "object_repr": "3 : aa8f8af63f89dd941f15721212944c4a", "object_id": "3", "change_message": "", "user": 1, "content_type": 15}}, {"pk": 163, "model": "admin.logentry", "fields": {"action_flag": 3, "action_time": "2011-06-04 20:57:45", "object_repr": "4 : ffc55044b3dcdeca021be06038a136b0", "object_id": "4", "change_message": "", "user": 1, "content_type": 15}}, {"pk": 162, "model": "admin.logentry", "fields": {"action_flag": 3, "action_time": "2011-06-04 20:57:45", "object_repr": "5 : 53bdcace5e8abe193f12bad210cc1e20", "object_id": "5", "change_message": "", "user": 1, "content_type": 15}}, {"pk": 161, "model": "admin.logentry", "fields": {"action_flag": 3, "action_time": "2011-06-04 20:57:45", "object_repr": "6 : e8c18effd8de837af595eb7de2030fe9", "object_id": "6", "change_message": "", "user": 1, "content_type": 15}}, {"pk": 160, "model": "admin.logentry", "fields": {"action_flag": 3, "action_time": "2011-06-04 20:57:45", "object_repr": "7 : 45dce8294cf9a44e42806ddb277ef68d", "object_id": "7", "change_message": "", "user": 1, "content_type": 15}}, {"pk": 159, "model": "admin.logentry", "fields": {"action_flag": 3, "action_time": "2011-06-04 20:57:44", "object_repr": "8 : 8d232ed29947f264a53b1b1d683688d8", "object_id": "8", "change_message": "", "user": 1, "content_type": 15}}, {"pk": 158, "model": "admin.logentry", "fields": {"action_flag": 3, "action_time": "2011-06-04 20:57:44", "object_repr": "9 : 41c94805c752afa96e9571205dde0cce", "object_id": "9", "change_message": "", "user": 1, "content_type": 15}}, {"pk": 157, "model": "admin.logentry", "fields": {"action_flag": 3, "action_time": "2011-06-04 20:57:44", "object_repr": "10 : 70e7b1e2225346520048e2488efac885", "object_id": "10", "change_message": "", "user": 1, "content_type": 15}}, {"pk": 156, "model": "admin.logentry", "fields": {"action_flag": 3, "action_time": "2011-06-04 20:57:44", "object_repr": "11 : 067647bce91523baec21a31b7e3a5246", "object_id": "11", "change_message": "", "user": 1, "content_type": 15}}, {"pk": 155, "model": "admin.logentry", "fields": {"action_flag": 3, "action_time": "2011-06-04 20:57:44", "object_repr": "12 : 012d6c4ddeaf452ce212e3804cdd63a6", "object_id": "12", "change_message": "", "user": 1, "content_type": 15}}, {"pk": 154, "model": "admin.logentry", "fields": {"action_flag": 3, "action_time": "2011-06-04 20:57:44", "object_repr": "13 : 4d0450ec63c6364aa3eeca02fdbf1c4e", "object_id": "13", "change_message": "", "user": 1, "content_type": 15}}, {"pk": 153, "model": "admin.logentry", "fields": {"action_flag": 3, "action_time": "2011-06-04 20:57:44", "object_repr": "14 : db6bc8a825e4eebc567fbb269681a5c3", "object_id": "14", "change_message": "", "user": 1, "content_type": 15}}, {"pk": 152, "model": "admin.logentry", "fields": {"action_flag": 3, "action_time": "2011-06-04 20:57:44", "object_repr": "15 : 638d19d3cba6dae909a9533792528cd3", "object_id": "15", "change_message": "", "user": 1, "content_type": 15}}, {"pk": 151, "model": "admin.logentry", "fields": {"action_flag": 3, "action_time": "2011-06-04 20:14:52", "object_repr": "1 : 6f8ca54c0517de75a0b2cac7272d26cd", "object_id": "1", "change_message": "", "user": 1, "content_type": 15}}, {"pk": 150, "model": "admin.logentry", "fields": {"action_flag": 3, "action_time": "2011-06-04 20:14:52", "object_repr": "2 : 9b13f50716884b5aa21db37084faf87f", "object_id": "2", "change_message": "", "user": 1, "content_type": 15}}, {"pk": 149, "model": "admin.logentry", "fields": {"action_flag": 3, "action_time": "2011-06-04 20:14:52", "object_repr": "3 : aa8f8af63f89dd941f15721212944c4a", "object_id": "3", "change_message": "", "user": 1, "content_type": 15}}, {"pk": 148, "model": "admin.logentry", "fields": {"action_flag": 3, "action_time": "2011-06-04 20:14:52", "object_repr": "4 : ffc55044b3dcdeca021be06038a136b0", "object_id": "4", "change_message": "", "user": 1, "content_type": 15}}, {"pk": 147, "model": "admin.logentry", "fields": {"action_flag": 3, "action_time": "2011-06-04 20:14:52", "object_repr": "5 : 53bdcace5e8abe193f12bad210cc1e20", "object_id": "5", "change_message": "", "user": 1, "content_type": 15}}, {"pk": 146, "model": "admin.logentry", "fields": {"action_flag": 3, "action_time": "2011-06-04 20:14:52", "object_repr": "6 : e8c18effd8de837af595eb7de2030fe9", "object_id": "6", "change_message": "", "user": 1, "content_type": 15}}, {"pk": 145, "model": "admin.logentry", "fields": {"action_flag": 3, "action_time": "2011-06-04 20:14:52", "object_repr": "7 : 45dce8294cf9a44e42806ddb277ef68d", "object_id": "7", "change_message": "", "user": 1, "content_type": 15}}, {"pk": 144, "model": "admin.logentry", "fields": {"action_flag": 3, "action_time": "2011-06-04 20:14:52", "object_repr": "8 : 8d232ed29947f264a53b1b1d683688d8", "object_id": "8", "change_message": "", "user": 1, "content_type": 15}}, {"pk": 143, "model": "admin.logentry", "fields": {"action_flag": 3, "action_time": "2011-06-04 20:14:52", "object_repr": "9 : 41c94805c752afa96e9571205dde0cce", "object_id": "9", "change_message": "", "user": 1, "content_type": 15}}, {"pk": 142, "model": "admin.logentry", "fields": {"action_flag": 3, "action_time": "2011-06-04 20:14:52", "object_repr": "10 : 70e7b1e2225346520048e2488efac885", "object_id": "10", "change_message": "", "user": 1, "content_type": 15}}, {"pk": 141, "model": "admin.logentry", "fields": {"action_flag": 3, "action_time": "2011-06-04 20:14:52", "object_repr": "11 : 067647bce91523baec21a31b7e3a5246", "object_id": "11", "change_message": "", "user": 1, "content_type": 15}}, {"pk": 140, "model": "admin.logentry", "fields": {"action_flag": 3, "action_time": "2011-06-04 20:14:52", "object_repr": "12 : 012d6c4ddeaf452ce212e3804cdd63a6", "object_id": "12", "change_message": "", "user": 1, "content_type": 15}}, {"pk": 139, "model": "admin.logentry", "fields": {"action_flag": 3, "action_time": "2011-06-04 20:14:52", "object_repr": "13 : 4d0450ec63c6364aa3eeca02fdbf1c4e", "object_id": "13", "change_message": "", "user": 1, "content_type": 15}}, {"pk": 138, "model": "admin.logentry", "fields": {"action_flag": 3, "action_time": "2011-06-04 20:14:52", "object_repr": "14 : db6bc8a825e4eebc567fbb269681a5c3", "object_id": "14", "change_message": "", "user": 1, "content_type": 15}}, {"pk": 137, "model": "admin.logentry", "fields": {"action_flag": 3, "action_time": "2011-06-04 20:14:52", "object_repr": "15 : 638d19d3cba6dae909a9533792528cd3", "object_id": "15", "change_message": "", "user": 1, "content_type": 15}}, {"pk": 136, "model": "admin.logentry", "fields": {"action_flag": 3, "action_time": "2011-06-04 20:14:04", "object_repr": "1 : 6f8ca54c0517de75a0b2cac7272d26cd", "object_id": "1", "change_message": "", "user": 1, "content_type": 15}}, {"pk": 135, "model": "admin.logentry", "fields": {"action_flag": 3, "action_time": "2011-06-04 20:14:04", "object_repr": "2 : 9b13f50716884b5aa21db37084faf87f", "object_id": "2", "change_message": "", "user": 1, "content_type": 15}}, {"pk": 134, "model": "admin.logentry", "fields": {"action_flag": 3, "action_time": "2011-06-04 20:14:04", "object_repr": "3 : aa8f8af63f89dd941f15721212944c4a", "object_id": "3", "change_message": "", "user": 1, "content_type": 15}}, {"pk": 133, "model": "admin.logentry", "fields": {"action_flag": 3, "action_time": "2011-06-04 20:14:04", "object_repr": "4 : ffc55044b3dcdeca021be06038a136b0", "object_id": "4", "change_message": "", "user": 1, "content_type": 15}}, {"pk": 132, "model": "admin.logentry", "fields": {"action_flag": 3, "action_time": "2011-06-04 20:14:04", "object_repr": "5 : 53bdcace5e8abe193f12bad210cc1e20", "object_id": "5", "change_message": "", "user": 1, "content_type": 15}}, {"pk": 131, "model": "admin.logentry", "fields": {"action_flag": 3, "action_time": "2011-06-04 20:14:04", "object_repr": "6 : e8c18effd8de837af595eb7de2030fe9", "object_id": "6", "change_message": "", "user": 1, "content_type": 15}}, {"pk": 130, "model": "admin.logentry", "fields": {"action_flag": 3, "action_time": "2011-06-04 20:14:04", "object_repr": "7 : 45dce8294cf9a44e42806ddb277ef68d", "object_id": "7", "change_message": "", "user": 1, "content_type": 15}}, {"pk": 129, "model": "admin.logentry", "fields": {"action_flag": 3, "action_time": "2011-06-04 20:14:04", "object_repr": "8 : 8d232ed29947f264a53b1b1d683688d8", "object_id": "8", "change_message": "", "user": 1, "content_type": 15}}, {"pk": 128, "model": "admin.logentry", "fields": {"action_flag": 3, "action_time": "2011-06-04 20:14:04", "object_repr": "9 : 41c94805c752afa96e9571205dde0cce", "object_id": "9", "change_message": "", "user": 1, "content_type": 15}}, {"pk": 127, "model": "admin.logentry", "fields": {"action_flag": 3, "action_time": "2011-06-04 20:14:04", "object_repr": "10 : 70e7b1e2225346520048e2488efac885", "object_id": "10", "change_message": "", "user": 1, "content_type": 15}}, {"pk": 126, "model": "admin.logentry", "fields": {"action_flag": 3, "action_time": "2011-06-04 20:14:04", "object_repr": "11 : 067647bce91523baec21a31b7e3a5246", "object_id": "11", "change_message": "", "user": 1, "content_type": 15}}, {"pk": 125, "model": "admin.logentry", "fields": {"action_flag": 3, "action_time": "2011-06-04 20:14:04", "object_repr": "12 : 012d6c4ddeaf452ce212e3804cdd63a6", "object_id": "12", "change_message": "", "user": 1, "content_type": 15}}, {"pk": 124, "model": "admin.logentry", "fields": {"action_flag": 3, "action_time": "2011-06-04 20:14:04", "object_repr": "13 : 4d0450ec63c6364aa3eeca02fdbf1c4e", "object_id": "13", "change_message": "", "user": 1, "content_type": 15}}, {"pk": 123, "model": "admin.logentry", "fields": {"action_flag": 3, "action_time": "2011-06-04 20:14:04", "object_repr": "14 : db6bc8a825e4eebc567fbb269681a5c3", "object_id": "14", "change_message": "", "user": 1, "content_type": 15}}, {"pk": 122, "model": "admin.logentry", "fields": {"action_flag": 3, "action_time": "2011-06-04 20:14:04", "object_repr": "15 : 638d19d3cba6dae909a9533792528cd3", "object_id": "15", "change_message": "", "user": 1, "content_type": 15}}, {"pk": 121, "model": "admin.logentry", "fields": {"action_flag": 3, "action_time": "2011-06-04 19:56:16", "object_repr": "1 : 6f8ca54c0517de75a0b2cac7272d26cd", "object_id": "1", "change_message": "", "user": 1, "content_type": 15}}, {"pk": 120, "model": "admin.logentry", "fields": {"action_flag": 3, "action_time": "2011-06-04 19:56:16", "object_repr": "2 : 9b13f50716884b5aa21db37084faf87f", "object_id": "2", "change_message": "", "user": 1, "content_type": 15}}, {"pk": 119, "model": "admin.logentry", "fields": {"action_flag": 3, "action_time": "2011-06-04 19:56:16", "object_repr": "3 : aa8f8af63f89dd941f15721212944c4a", "object_id": "3", "change_message": "", "user": 1, "content_type": 15}}, {"pk": 118, "model": "admin.logentry", "fields": {"action_flag": 3, "action_time": "2011-06-04 19:56:16", "object_repr": "4 : ffc55044b3dcdeca021be06038a136b0", "object_id": "4", "change_message": "", "user": 1, "content_type": 15}}, {"pk": 117, "model": "admin.logentry", "fields": {"action_flag": 3, "action_time": "2011-06-04 19:56:16", "object_repr": "5 : 53bdcace5e8abe193f12bad210cc1e20", "object_id": "5", "change_message": "", "user": 1, "content_type": 15}}, {"pk": 116, "model": "admin.logentry", "fields": {"action_flag": 3, "action_time": "2011-06-04 19:56:16", "object_repr": "6 : e8c18effd8de837af595eb7de2030fe9", "object_id": "6", "change_message": "", "user": 1, "content_type": 15}}, {"pk": 115, "model": "admin.logentry", "fields": {"action_flag": 3, "action_time": "2011-06-04 19:56:16", "object_repr": "7 : 45dce8294cf9a44e42806ddb277ef68d", "object_id": "7", "change_message": "", "user": 1, "content_type": 15}}, {"pk": 114, "model": "admin.logentry", "fields": {"action_flag": 3, "action_time": "2011-06-04 19:56:16", "object_repr": "8 : 8d232ed29947f264a53b1b1d683688d8", "object_id": "8", "change_message": "", "user": 1, "content_type": 15}}, {"pk": 113, "model": "admin.logentry", "fields": {"action_flag": 3, "action_time": "2011-06-04 19:56:16", "object_repr": "9 : 41c94805c752afa96e9571205dde0cce", "object_id": "9", "change_message": "", "user": 1, "content_type": 15}}, {"pk": 112, "model": "admin.logentry", "fields": {"action_flag": 3, "action_time": "2011-06-04 19:56:16", "object_repr": "10 : 70e7b1e2225346520048e2488efac885", "object_id": "10", "change_message": "", "user": 1, "content_type": 15}}, {"pk": 111, "model": "admin.logentry", "fields": {"action_flag": 3, "action_time": "2011-06-04 19:56:16", "object_repr": "11 : 067647bce91523baec21a31b7e3a5246", "object_id": "11", "change_message": "", "user": 1, "content_type": 15}}, {"pk": 110, "model": "admin.logentry", "fields": {"action_flag": 3, "action_time": "2011-06-04 19:56:16", "object_repr": "12 : 012d6c4ddeaf452ce212e3804cdd63a6", "object_id": "12", "change_message": "", "user": 1, "content_type": 15}}, {"pk": 109, "model": "admin.logentry", "fields": {"action_flag": 3, "action_time": "2011-06-04 19:56:16", "object_repr": "13 : 4d0450ec63c6364aa3eeca02fdbf1c4e", "object_id": "13", "change_message": "", "user": 1, "content_type": 15}}, {"pk": 108, "model": "admin.logentry", "fields": {"action_flag": 3, "action_time": "2011-06-04 19:56:16", "object_repr": "14 : db6bc8a825e4eebc567fbb269681a5c3", "object_id": "14", "change_message": "", "user": 1, "content_type": 15}}, {"pk": 107, "model": "admin.logentry", "fields": {"action_flag": 3, "action_time": "2011-06-04 19:56:16", "object_repr": "15 : 638d19d3cba6dae909a9533792528cd3", "object_id": "15", "change_message": "", "user": 1, "content_type": 15}}, {"pk": 106, "model": "admin.logentry", "fields": {"action_flag": 3, "action_time": "2011-06-04 19:44:34", "object_repr": "1 : 6f8ca54c0517de75a0b2cac7272d26cd", "object_id": "1", "change_message": "", "user": 1, "content_type": 15}}, {"pk": 105, "model": "admin.logentry", "fields": {"action_flag": 3, "action_time": "2011-06-04 19:44:34", "object_repr": "2 : 9b13f50716884b5aa21db37084faf87f", "object_id": "2", "change_message": "", "user": 1, "content_type": 15}}, {"pk": 104, "model": "admin.logentry", "fields": {"action_flag": 3, "action_time": "2011-06-04 19:44:34", "object_repr": "3 : aa8f8af63f89dd941f15721212944c4a", "object_id": "3", "change_message": "", "user": 1, "content_type": 15}}, {"pk": 103, "model": "admin.logentry", "fields": {"action_flag": 3, "action_time": "2011-06-04 19:44:34", "object_repr": "4 : ffc55044b3dcdeca021be06038a136b0", "object_id": "4", "change_message": "", "user": 1, "content_type": 15}}, {"pk": 102, "model": "admin.logentry", "fields": {"action_flag": 3, "action_time": "2011-06-04 19:44:34", "object_repr": "5 : 53bdcace5e8abe193f12bad210cc1e20", "object_id": "5", "change_message": "", "user": 1, "content_type": 15}}, {"pk": 101, "model": "admin.logentry", "fields": {"action_flag": 3, "action_time": "2011-06-04 19:44:34", "object_repr": "6 : e8c18effd8de837af595eb7de2030fe9", "object_id": "6", "change_message": "", "user": 1, "content_type": 15}}, {"pk": 100, "model": "admin.logentry", "fields": {"action_flag": 3, "action_time": "2011-06-04 19:44:34", "object_repr": "7 : 45dce8294cf9a44e42806ddb277ef68d", "object_id": "7", "change_message": "", "user": 1, "content_type": 15}}, {"pk": 99, "model": "admin.logentry", "fields": {"action_flag": 3, "action_time": "2011-06-04 19:44:34", "object_repr": "8 : 8d232ed29947f264a53b1b1d683688d8", "object_id": "8", "change_message": "", "user": 1, "content_type": 15}}, {"pk": 98, "model": "admin.logentry", "fields": {"action_flag": 3, "action_time": "2011-06-04 19:44:34", "object_repr": "9 : 41c94805c752afa96e9571205dde0cce", "object_id": "9", "change_message": "", "user": 1, "content_type": 15}}, {"pk": 97, "model": "admin.logentry", "fields": {"action_flag": 3, "action_time": "2011-06-04 19:44:34", "object_repr": "10 : 70e7b1e2225346520048e2488efac885", "object_id": "10", "change_message": "", "user": 1, "content_type": 15}}, {"pk": 96, "model": "admin.logentry", "fields": {"action_flag": 3, "action_time": "2011-06-04 19:44:34", "object_repr": "11 : 067647bce91523baec21a31b7e3a5246", "object_id": "11", "change_message": "", "user": 1, "content_type": 15}}, {"pk": 95, "model": "admin.logentry", "fields": {"action_flag": 3, "action_time": "2011-06-04 19:44:34", "object_repr": "12 : 012d6c4ddeaf452ce212e3804cdd63a6", "object_id": "12", "change_message": "", "user": 1, "content_type": 15}}, {"pk": 94, "model": "admin.logentry", "fields": {"action_flag": 3, "action_time": "2011-06-04 19:44:34", "object_repr": "13 : 4d0450ec63c6364aa3eeca02fdbf1c4e", "object_id": "13", "change_message": "", "user": 1, "content_type": 15}}, {"pk": 93, "model": "admin.logentry", "fields": {"action_flag": 3, "action_time": "2011-06-04 19:44:34", "object_repr": "14 : db6bc8a825e4eebc567fbb269681a5c3", "object_id": "14", "change_message": "", "user": 1, "content_type": 15}}, {"pk": 92, "model": "admin.logentry", "fields": {"action_flag": 3, "action_time": "2011-06-04 19:44:34", "object_repr": "15 : 638d19d3cba6dae909a9533792528cd3", "object_id": "15", "change_message": "", "user": 1, "content_type": 15}}, {"pk": 91, "model": "admin.logentry", "fields": {"action_flag": 3, "action_time": "2011-06-04 19:43:40", "object_repr": "1 : 6f8ca54c0517de75a0b2cac7272d26cd", "object_id": "1", "change_message": "", "user": 1, "content_type": 15}}, {"pk": 90, "model": "admin.logentry", "fields": {"action_flag": 3, "action_time": "2011-06-04 19:34:19", "object_repr": "1 : 18fa86d27b2853ebf8d6cf8fd9cccb8d", "object_id": "1", "change_message": "", "user": 1, "content_type": 15}}, {"pk": 89, "model": "admin.logentry", "fields": {"action_flag": 3, "action_time": "2011-06-04 19:34:19", "object_repr": "2 : f0cf469bd5a4f72592ee7a3f48924548", "object_id": "2", "change_message": "", "user": 1, "content_type": 15}}, {"pk": 88, "model": "admin.logentry", "fields": {"action_flag": 1, "action_time": "2011-06-04 17:19:43", "object_repr": "2 : f0cf469bd5a4f72592ee7a3f48924548", "object_id": "2", "change_message": "", "user": 1, "content_type": 15}}, {"pk": 87, "model": "admin.logentry", "fields": {"action_flag": 1, "action_time": "2011-06-04 16:25:50", "object_repr": "id: 31", "object_id": "31", "change_message": "", "user": 1, "content_type": 16}}, {"pk": 86, "model": "admin.logentry", "fields": {"action_flag": 3, "action_time": "2011-06-04 16:22:57", "object_repr": "id: 50", "object_id": "50", "change_message": "", "user": 1, "content_type": 16}}, {"pk": 85, "model": "admin.logentry", "fields": {"action_flag": 3, "action_time": "2011-06-04 16:22:57", "object_repr": "id: 49", "object_id": "49", "change_message": "", "user": 1, "content_type": 16}}, {"pk": 84, "model": "admin.logentry", "fields": {"action_flag": 3, "action_time": "2011-06-04 16:22:57", "object_repr": "id: 48", "object_id": "48", "change_message": "", "user": 1, "content_type": 16}}, {"pk": 83, "model": "admin.logentry", "fields": {"action_flag": 3, "action_time": "2011-06-04 16:22:57", "object_repr": "id: 47", "object_id": "47", "change_message": "", "user": 1, "content_type": 16}}, {"pk": 82, "model": "admin.logentry", "fields": {"action_flag": 3, "action_time": "2011-06-04 16:22:57", "object_repr": "id: 46", "object_id": "46", "change_message": "", "user": 1, "content_type": 16}}, {"pk": 81, "model": "admin.logentry", "fields": {"action_flag": 3, "action_time": "2011-06-04 16:22:57", "object_repr": "id: 45", "object_id": "45", "change_message": "", "user": 1, "content_type": 16}}, {"pk": 80, "model": "admin.logentry", "fields": {"action_flag": 3, "action_time": "2011-06-04 16:22:57", "object_repr": "id: 44", "object_id": "44", "change_message": "", "user": 1, "content_type": 16}}, {"pk": 79, "model": "admin.logentry", "fields": {"action_flag": 3, "action_time": "2011-06-04 16:22:57", "object_repr": "id: 43", "object_id": "43", "change_message": "", "user": 1, "content_type": 16}}, {"pk": 78, "model": "admin.logentry", "fields": {"action_flag": 3, "action_time": "2011-06-04 16:22:57", "object_repr": "id: 42", "object_id": "42", "change_message": "", "user": 1, "content_type": 16}}, {"pk": 77, "model": "admin.logentry", "fields": {"action_flag": 3, "action_time": "2011-06-04 16:22:57", "object_repr": "id: 41", "object_id": "41", "change_message": "", "user": 1, "content_type": 16}}, {"pk": 76, "model": "admin.logentry", "fields": {"action_flag": 3, "action_time": "2011-06-04 16:22:57", "object_repr": "id: 40", "object_id": "40", "change_message": "", "user": 1, "content_type": 16}}, {"pk": 75, "model": "admin.logentry", "fields": {"action_flag": 3, "action_time": "2011-06-04 16:22:57", "object_repr": "id: 39", "object_id": "39", "change_message": "", "user": 1, "content_type": 16}}, {"pk": 74, "model": "admin.logentry", "fields": {"action_flag": 3, "action_time": "2011-06-04 16:22:57", "object_repr": "id: 38", "object_id": "38", "change_message": "", "user": 1, "content_type": 16}}, {"pk": 73, "model": "admin.logentry", "fields": {"action_flag": 3, "action_time": "2011-06-04 16:22:57", "object_repr": "id: 37", "object_id": "37", "change_message": "", "user": 1, "content_type": 16}}, {"pk": 72, "model": "admin.logentry", "fields": {"action_flag": 3, "action_time": "2011-06-04 16:22:57", "object_repr": "id: 36", "object_id": "36", "change_message": "", "user": 1, "content_type": 16}}, {"pk": 71, "model": "admin.logentry", "fields": {"action_flag": 3, "action_time": "2011-06-04 16:22:57", "object_repr": "id: 35", "object_id": "35", "change_message": "", "user": 1, "content_type": 16}}, {"pk": 70, "model": "admin.logentry", "fields": {"action_flag": 3, "action_time": "2011-06-04 16:22:57", "object_repr": "id: 34", "object_id": "34", "change_message": "", "user": 1, "content_type": 16}}, {"pk": 69, "model": "admin.logentry", "fields": {"action_flag": 3, "action_time": "2011-06-04 16:22:57", "object_repr": "id: 33", "object_id": "33", "change_message": "", "user": 1, "content_type": 16}}, {"pk": 68, "model": "admin.logentry", "fields": {"action_flag": 3, "action_time": "2011-06-04 16:22:57", "object_repr": "id: 32", "object_id": "32", "change_message": "", "user": 1, "content_type": 16}}, {"pk": 67, "model": "admin.logentry", "fields": {"action_flag": 3, "action_time": "2011-06-04 16:22:57", "object_repr": "id: 31", "object_id": "31", "change_message": "", "user": 1, "content_type": 16}}, {"pk": 66, "model": "admin.logentry", "fields": {"action_flag": 3, "action_time": "2011-06-04 16:22:57", "object_repr": "id: 30", "object_id": "30", "change_message": "", "user": 1, "content_type": 16}}, {"pk": 65, "model": "admin.logentry", "fields": {"action_flag": 3, "action_time": "2011-06-04 16:22:57", "object_repr": "id: 29", "object_id": "29", "change_message": "", "user": 1, "content_type": 16}}, {"pk": 64, "model": "admin.logentry", "fields": {"action_flag": 3, "action_time": "2011-06-04 16:22:57", "object_repr": "id: 28", "object_id": "28", "change_message": "", "user": 1, "content_type": 16}}, {"pk": 63, "model": "admin.logentry", "fields": {"action_flag": 3, "action_time": "2011-06-04 16:22:57", "object_repr": "id: 27", "object_id": "27", "change_message": "", "user": 1, "content_type": 16}}, {"pk": 62, "model": "admin.logentry", "fields": {"action_flag": 3, "action_time": "2011-06-04 16:22:57", "object_repr": "id: 26", "object_id": "26", "change_message": "", "user": 1, "content_type": 16}}, {"pk": 61, "model": "admin.logentry", "fields": {"action_flag": 3, "action_time": "2011-06-04 16:22:57", "object_repr": "id: 25", "object_id": "25", "change_message": "", "user": 1, "content_type": 16}}, {"pk": 60, "model": "admin.logentry", "fields": {"action_flag": 3, "action_time": "2011-06-04 16:22:57", "object_repr": "id: 24", "object_id": "24", "change_message": "", "user": 1, "content_type": 16}}, {"pk": 59, "model": "admin.logentry", "fields": {"action_flag": 3, "action_time": "2011-06-04 16:22:57", "object_repr": "id: 23", "object_id": "23", "change_message": "", "user": 1, "content_type": 16}}, {"pk": 58, "model": "admin.logentry", "fields": {"action_flag": 3, "action_time": "2011-06-04 16:22:57", "object_repr": "id: 22", "object_id": "22", "change_message": "", "user": 1, "content_type": 16}}, {"pk": 57, "model": "admin.logentry", "fields": {"action_flag": 3, "action_time": "2011-06-04 16:22:57", "object_repr": "id: 21", "object_id": "21", "change_message": "", "user": 1, "content_type": 16}}, {"pk": 56, "model": "admin.logentry", "fields": {"action_flag": 3, "action_time": "2011-06-04 16:22:57", "object_repr": "id: 20", "object_id": "20", "change_message": "", "user": 1, "content_type": 16}}, {"pk": 55, "model": "admin.logentry", "fields": {"action_flag": 3, "action_time": "2011-06-04 16:22:57", "object_repr": "id: 19", "object_id": "19", "change_message": "", "user": 1, "content_type": 16}}, {"pk": 54, "model": "admin.logentry", "fields": {"action_flag": 3, "action_time": "2011-06-04 16:22:57", "object_repr": "id: 18", "object_id": "18", "change_message": "", "user": 1, "content_type": 16}}, {"pk": 53, "model": "admin.logentry", "fields": {"action_flag": 3, "action_time": "2011-06-04 16:22:57", "object_repr": "id: 17", "object_id": "17", "change_message": "", "user": 1, "content_type": 16}}, {"pk": 52, "model": "admin.logentry", "fields": {"action_flag": 3, "action_time": "2011-06-04 16:22:57", "object_repr": "id: 16", "object_id": "16", "change_message": "", "user": 1, "content_type": 16}}, {"pk": 51, "model": "admin.logentry", "fields": {"action_flag": 3, "action_time": "2011-06-04 16:22:57", "object_repr": "id: 15", "object_id": "15", "change_message": "", "user": 1, "content_type": 16}}, {"pk": 50, "model": "admin.logentry", "fields": {"action_flag": 3, "action_time": "2011-06-04 16:22:57", "object_repr": "id: 14", "object_id": "14", "change_message": "", "user": 1, "content_type": 16}}, {"pk": 49, "model": "admin.logentry", "fields": {"action_flag": 3, "action_time": "2011-06-04 16:22:57", "object_repr": "id: 13", "object_id": "13", "change_message": "", "user": 1, "content_type": 16}}, {"pk": 48, "model": "admin.logentry", "fields": {"action_flag": 3, "action_time": "2011-06-04 16:22:57", "object_repr": "id: 12", "object_id": "12", "change_message": "", "user": 1, "content_type": 16}}, {"pk": 47, "model": "admin.logentry", "fields": {"action_flag": 3, "action_time": "2011-06-04 16:22:57", "object_repr": "id: 11", "object_id": "11", "change_message": "", "user": 1, "content_type": 16}}, {"pk": 46, "model": "admin.logentry", "fields": {"action_flag": 3, "action_time": "2011-06-04 16:22:57", "object_repr": "id: 10", "object_id": "10", "change_message": "", "user": 1, "content_type": 16}}, {"pk": 45, "model": "admin.logentry", "fields": {"action_flag": 3, "action_time": "2011-06-04 16:22:56", "object_repr": "id: 9", "object_id": "9", "change_message": "", "user": 1, "content_type": 16}}, {"pk": 44, "model": "admin.logentry", "fields": {"action_flag": 3, "action_time": "2011-06-04 16:22:56", "object_repr": "id: 8", "object_id": "8", "change_message": "", "user": 1, "content_type": 16}}, {"pk": 43, "model": "admin.logentry", "fields": {"action_flag": 3, "action_time": "2011-06-04 16:22:56", "object_repr": "id: 7", "object_id": "7", "change_message": "", "user": 1, "content_type": 16}}, {"pk": 42, "model": "admin.logentry", "fields": {"action_flag": 3, "action_time": "2011-06-04 16:22:56", "object_repr": "id: 6", "object_id": "6", "change_message": "", "user": 1, "content_type": 16}}, {"pk": 41, "model": "admin.logentry", "fields": {"action_flag": 3, "action_time": "2011-06-04 16:22:56", "object_repr": "id: 5", "object_id": "5", "change_message": "", "user": 1, "content_type": 16}}, {"pk": 40, "model": "admin.logentry", "fields": {"action_flag": 3, "action_time": "2011-06-04 16:22:56", "object_repr": "id: 4", "object_id": "4", "change_message": "", "user": 1, "content_type": 16}}, {"pk": 39, "model": "admin.logentry", "fields": {"action_flag": 3, "action_time": "2011-06-04 16:22:56", "object_repr": "id: 3", "object_id": "3", "change_message": "", "user": 1, "content_type": 16}}, {"pk": 38, "model": "admin.logentry", "fields": {"action_flag": 3, "action_time": "2011-06-04 16:22:56", "object_repr": "id: 2", "object_id": "2", "change_message": "", "user": 1, "content_type": 16}}, {"pk": 37, "model": "admin.logentry", "fields": {"action_flag": 3, "action_time": "2011-06-04 16:22:56", "object_repr": "id: 1", "object_id": "1", "change_message": "", "user": 1, "content_type": 16}}, {"pk": 36, "model": "admin.logentry", "fields": {"action_flag": 1, "action_time": "2011-06-04 16:22:20", "object_repr": "1 : 18fa86d27b2853ebf8d6cf8fd9cccb8d", "object_id": "1", "change_message": "", "user": 1, "content_type": 15}}, {"pk": 35, "model": "admin.logentry", "fields": {"action_flag": 3, "action_time": "2011-05-30 17:07:05", "object_repr": "Kind: text, ID: 9", "object_id": "9", "change_message": "", "user": 1, "content_type": 14}}, {"pk": 34, "model": "admin.logentry", "fields": {"action_flag": 1, "action_time": "2011-05-30 11:57:40", "object_repr": "Kind: txt, ID: 1", "object_id": "1", "change_message": "", "user": 1, "content_type": 14}}, {"pk": 33, "model": "admin.logentry", "fields": {"action_flag": 1, "action_time": "2011-05-30 11:57:09", "object_repr": "1234567890ABCDEF", "object_id": "1", "change_message": "", "user": 1, "content_type": 15}}, {"pk": 32, "model": "admin.logentry", "fields": {"action_flag": 1, "action_time": "2011-05-29 15:11:42", "object_repr": "id: 3", "object_id": "3", "change_message": "", "user": 1, "content_type": 16}}, {"pk": 31, "model": "admin.logentry", "fields": {"action_flag": 2, "action_time": "2011-05-29 14:58:09", "object_repr": "id: 2", "object_id": "2", "change_message": "Changed container.", "user": 1, "content_type": 16}}, {"pk": 30, "model": "admin.logentry", "fields": {"action_flag": 2, "action_time": "2011-05-29 14:58:04", "object_repr": "id: 1", "object_id": "1", "change_message": "Changed container.", "user": 1, "content_type": 16}}, {"pk": 29, "model": "admin.logentry", "fields": {"action_flag": 1, "action_time": "2011-05-29 14:57:03", "object_repr": "1234567890ABCDEF", "object_id": "1", "change_message": "", "user": 1, "content_type": 15}}, {"pk": 28, "model": "admin.logentry", "fields": {"action_flag": 1, "action_time": "2011-05-29 14:51:29", "object_repr": "id: 2", "object_id": "2", "change_message": "", "user": 1, "content_type": 16}}, {"pk": 27, "model": "admin.logentry", "fields": {"action_flag": 1, "action_time": "2011-05-29 14:51:13", "object_repr": "id: 1", "object_id": "1", "change_message": "", "user": 1, "content_type": 16}}, {"pk": 26, "model": "admin.logentry", "fields": {"action_flag": 3, "action_time": "2011-05-29 12:47:34", "object_repr": "Pi+6Y4FKSS+UNJBcArlGOw", "object_id": "2", "change_message": "", "user": 1, "content_type": 3}}, {"pk": 25, "model": "admin.logentry", "fields": {"action_flag": 3, "action_time": "2011-05-29 12:47:18", "object_repr": "id: 1", "object_id": "1", "change_message": "", "user": 1, "content_type": 16}}, {"pk": 24, "model": "admin.logentry", "fields": {"action_flag": 3, "action_time": "2011-05-29 12:42:25", "object_repr": "tyler.brock@gmail.com", "object_id": "4", "change_message": "", "user": 1, "content_type": 3}}, {"pk": 23, "model": "admin.logentry", "fields": {"action_flag": 3, "action_time": "2011-05-29 12:42:25", "object_repr": "mAplU5MDTLiuAXZT6uhR6Q", "object_id": "2", "change_message": "", "user": 1, "content_type": 3}}, {"pk": 22, "model": "admin.logentry", "fields": {"action_flag": 3, "action_time": "2011-05-29 12:37:46", "object_repr": "id: 5", "object_id": "5", "change_message": "", "user": 1, "content_type": 16}}, {"pk": 21, "model": "admin.logentry", "fields": {"action_flag": 3, "action_time": "2011-05-29 12:37:46", "object_repr": "id: 4", "object_id": "4", "change_message": "", "user": 1, "content_type": 16}}, {"pk": 20, "model": "admin.logentry", "fields": {"action_flag": 3, "action_time": "2011-05-29 12:37:46", "object_repr": "id: 3", "object_id": "3", "change_message": "", "user": 1, "content_type": 16}}, {"pk": 19, "model": "admin.logentry", "fields": {"action_flag": 3, "action_time": "2011-05-29 12:37:46", "object_repr": "id: 2", "object_id": "2", "change_message": "", "user": 1, "content_type": 16}}, {"pk": 18, "model": "admin.logentry", "fields": {"action_flag": 3, "action_time": "2011-05-29 12:37:46", "object_repr": "id: 1", "object_id": "1", "change_message": "", "user": 1, "content_type": 16}}, {"pk": 17, "model": "admin.logentry", "fields": {"action_flag": 1, "action_time": "2011-05-28 17:11:42", "object_repr": "-3", "object_id": "1", "change_message": "", "user": 1, "content_type": 11}}, {"pk": 16, "model": "admin.logentry", "fields": {"action_flag": 1, "action_time": "2011-05-28 16:53:16", "object_repr": "B : http://localhost:8080/static/ui-prototype/dailycandy.html", "object_id": "1", "change_message": "", "user": 1, "content_type": 17}}, {"pk": 15, "model": "admin.logentry", "fields": {"action_flag": 2, "action_time": "2011-05-28 16:23:11", "object_repr": "Test Group", "object_id": "1", "change_message": "Changed blessed_tags.", "user": 1, "content_type": 9}}, {"pk": 14, "model": "admin.logentry", "fields": {"action_flag": 2, "action_time": "2011-05-22 17:42:47", "object_repr": "Test Group", "object_id": "1", "change_message": "Changed blessed_tags.", "user": 1, "content_type": 9}}, {"pk": 13, "model": "admin.logentry", "fields": {"action_flag": 3, "action_time": "2011-05-21 16:06:59", "object_repr": "id: 5", "object_id": "5", "change_message": "", "user": 1, "content_type": 16}}, {"pk": 12, "model": "admin.logentry", "fields": {"action_flag": 3, "action_time": "2011-05-21 16:06:59", "object_repr": "id: 4", "object_id": "4", "change_message": "", "user": 1, "content_type": 16}}, {"pk": 11, "model": "admin.logentry", "fields": {"action_flag": 3, "action_time": "2011-05-21 16:06:59", "object_repr": "id: 3", "object_id": "3", "change_message": "", "user": 1, "content_type": 16}}, {"pk": 10, "model": "admin.logentry", "fields": {"action_flag": 3, "action_time": "2011-05-21 16:06:59", "object_repr": "id: 2", "object_id": "2", "change_message": "", "user": 1, "content_type": 16}}, {"pk": 9, "model": "admin.logentry", "fields": {"action_flag": 3, "action_time": "2011-05-21 16:06:59", "object_repr": "id: 1", "object_id": "1", "change_message": "", "user": 1, "content_type": 16}}, {"pk": 8, "model": "admin.logentry", "fields": {"action_flag": 3, "action_time": "2011-05-17 19:26:29", "object_repr": "Interaction(id: 1)", "object_id": "1", "change_message": "", "user": 1, "content_type": 16}}, {"pk": 7, "model": "admin.logentry", "fields": {"action_flag": 1, "action_time": "2011-05-17 18:06:23", "object_repr": "Interaction(id: 1)", "object_id": "1", "change_message": "", "user": 1, "content_type": 16}}, {"pk": 6, "model": "admin.logentry", "fields": {"action_flag": 1, "action_time": "2011-05-17 18:06:19", "object_repr": "Content(Kind: txt, ID: 1)", "object_id": "1", "change_message": "", "user": 1, "content_type": 14}}, {"pk": 5, "model": "admin.logentry", "fields": {"action_flag": 1, "action_time": "2011-05-17 17:53:32", "object_repr": "Feature(Text: True, Images: True, Flash: False)", "object_id": "1", "change_message": "", "user": 1, "content_type": 10}}, {"pk": 4, "model": "admin.logentry", "fields": {"action_flag": 2, "action_time": "2011-05-17 17:29:10", "object_repr": "Test Site", "object_id": "1", "change_message": "No fields changed.", "user": 1, "content_type": 12}}, {"pk": 3, "model": "admin.logentry", "fields": {"action_flag": 2, "action_time": "2011-05-17 17:19:13", "object_repr": "Test Group", "object_id": "1", "change_message": "No fields changed.", "user": 1, "content_type": 9}}, {"pk": 2, "model": "admin.logentry", "fields": {"action_flag": 2, "action_time": "2011-05-17 17:18:09", "object_repr": "Test Group", "object_id": "1", "change_message": "Changed short_name.", "user": 1, "content_type": 9}}, {"pk": 1, "model": "admin.logentry", "fields": {"action_flag": 1, "action_time": "2011-05-17 17:15:53", "object_repr": "Test Group", "object_id": "1", "change_message": "", "user": 1, "content_type": 9}}, {"pk": 1, "model": "rb.interactionnode", "fields": {"body": "Great Idea"}}, {"pk": 2, "model": "rb.interactionnode", "fields": {"body": "Not Sure"}}, {"pk": 3, "model": "rb.interactionnode", "fields": {"body": "For Real?"}}, {"pk": 4, "model": "rb.interactionnode", "fields": {"body": "Cupcakes!"}}, {"pk": 5, "model": "rb.interactionnode", "fields": {"body": "Woof!"}}, {"pk": 6, "model": "rb.interactionnode", "fields": {"body": "Cool"}}, {"pk": 7, "model": "rb.interactionnode", "fields": {"body": "secret bookmark"}}, {"pk": 8, "model": "rb.interactionnode", "fields": {"body": "bookmark yo"}}, {"pk": 9, "model": "rb.interactionnode", "fields": {"body": "because..."}}, {"pk": 10, "model": "rb.interactionnode", "fields": {"body": "test1"}}, {"pk": 11, "model": "rb.interactionnode", "fields": {"body": "test2"}}, {"pk": 12, "model": "rb.interactionnode", "fields": {"body": "test3"}}, {"pk": 13, "model": "rb.interactionnode", "fields": {"body": "test4"}}, {"pk": 14, "model": "rb.interactionnode", "fields": {"body": "testing1234"}}, {"pk": 15, "model": "rb.interactionnode", "fields": {"body": "it's awesome"}}, {"pk": 16, "model": "rb.interactionnode", "fields": {"body": "awesome"}}, {"pk": 1, "model": "rb.feature", "fields": {"images": true, "text": true, "flash": true}}, {"pk": 2, "model": "rb.feature", "fields": {"images": false, "text": true, "flash": true}}, {"pk": 3, "model": "rb.feature", "fields": {"images": true, "text": false, "flash": true}}, {"pk": 4, "model": "rb.feature", "fields": {"images": false, "text": false, "flash": true}}, {"pk": 5, "model": "rb.feature", "fields": {"images": true, "text": true, "flash": false}}, {"pk": 6, "model": "rb.feature", "fields": {"images": true, "text": false, "flash": false}}, {"pk": 7, "model": "rb.feature", "fields": {"images": false, "text": true, "flash": false}}, {"pk": 8, "model": "rb.feature", "fields": {"images": false, "text": false, "flash": false}}, {"pk": 3, "model": "rb.group", "fields": {"comment": 1, "logo_url_sm": "demo/images/dc_logo_sm.png", "twitter": "", "share": 1, "rate": 1, "css_url": "", "logo_url_lg": "demo/images/dc_logo_lg.png", "requires_approval": false, "img_whitelist": "", "img_blacklist": "", "temp_interact": 5, "bookmark": 1, "no_readr": "", "secret": "secret123%awesome%test!", "blessed_tags": [1, 2, 3, 4], "short_name": "dc", "anno_whitelist": "p,img", "logo_url_med": "", "search": 1, "name": "Daily Candy", "language": "en", "word_blacklist": "fuck"}}, {"pk": 1, "model": "rb.group", "fields": {"comment": 1, "logo_url_sm": "demo/images/rb_logo_sm.png", "twitter": "ReadrBoard", "share": 1, "rate": 1, "css_url": "", "logo_url_lg": "demo/images/rb_logo_lg.png", "requires_approval": false, "img_whitelist": "", "img_blacklist": "", "temp_interact": 5, "bookmark": 1, "no_readr": "", "secret": "secret123%awesome%test!", "blessed_tags": [1, 2, 3, 6], "short_name": "demo", "anno_whitelist": "p,img", "logo_url_med": "", "search": 1, "name": "ReadrBoard's Demo", "language": "en", "word_blacklist": "fuck, shit, cock, cunt, balls, nigger, asshole"}}, {"pk": 2, "model": "rb.group", "fields": {"comment": 1, "logo_url_sm": "demo/images/dog_daily_logo_sm.png", "twitter": "", "share": 1, "rate": 1, "css_url": "", "logo_url_lg": "demo/images/dog_daily_logo_lg.png", "requires_approval": false, "img_whitelist": "", "img_blacklist": "", "temp_interact": 5, "bookmark": 1, "no_readr": "", "secret": "secret123%awesome%test!", "blessed_tags": [1, 2, 3, 5], "short_name": "studio-one", "anno_whitelist": "p,img", "logo_url_med": "", "search": 1, "name": "Studio One", "language": "en", "word_blacklist": "\\$cum,\\$HIT,\\$hittie,\\(ock,\\*\\*\\*\\*head,\\*C\\*U\\*N\\*T\\*,\\*unt,\\.f\\ uc\\ k,\\@r\\$e,\\@r\\$e\\.,\\@rse,\\@rsehol,\\@rsehole,\\@rses,\\@unt,\\@unt\\!,\\[UNT,\\[UNTs,\\{UNT,\\<\\ unt,\\<\\*\\*\\*s,\\<\\*\\*t,\\<\\*\\*ts,\\<\\*\\*t\\'s,\\<\\*nt,\\<\\.unt,\\<loth\\ head,\\<lothhead,\\<nuts,\\<o\\(k,\\<o\\<\\&nbsp\\;k,\\<o\\<ksu\\<ka,\\<o\\<ksu\\<ker,\\<oon,\\<u\\&nbsp\\;nt,\\<u\\&nbsp\\;nts,\\<u\\*t,\\<unt,\\<unting,\\<unts,\\<unt\\'s,\\<vnt,\\<vnts,3rse,5h1te,81tch,8itch,a\\$\\$,A\\$\\$hole,A\\$\\$hole\\$,A\\$\\$holes,a\\*\\*\\*,A\\*\\*e,A\\*\\*es,a\\.rse,a\\?sehole,A\\+\\*hole,alcoholic,Alky,allegations,anus,ar\\ se,ar\\$e,ar\\$ehole,Ar\\$hole,Ar\\$holes,ar\\.se,ar5e,ar5e\\.,ar5ewipe,ar5h0le,ar5h0les,arrested,ars3,arse,arse\\ bandit,arse\\ hole,arsebandits,arsebandits\\.,arseh0le,arseh0les,Arseho,arsehol,arsehole,arseholes,arse\\-holes,arsewipe,arsh0le,arshole,arsholes,ASBOs,ashole,asre,ass\\ h0le,ass\\ hole,assault,assaulted,assaults,assh0le,assh0les,asshole,assholes,assult,assulted,b\\ a\\ s\\ t\\ a\\ r\\ d,b\\ a\\ s\\ t\\ a\\ rds,B\\!g\\ Jock,b\\*ll\\*cks,B\\*ll\\*ck\\'s,b\\*st\\*\\&rd,b\\*st\\*\\&rds,b\\*stards,b\\.astard,B\\.J\\.K,B\\.J\\.K\\.,b\\.ollocks,b\\.ugger,b\\@ll\\@cks,b\\@st\\@rd,b\\@st\\@rds,b0\\/\\/0cks,b00tha,b00thas,b0110ck,b0110cks,b0ll0cks,B0llocks,b1tch,b3llend,Backdoor\\ bandits,Balls\\ Deep,Balls\\ Deep\\!,ballsack,banned\\ me,bar\\ steward,bas\\ tards,Bas\\*ards,bastard,bastards,basterd,Bastrds,batty\\ boy\\?,batty\\&nbsp\\;boi,batty\\&nbsp\\;boy,baw\\ bag,bawbag,Beef\\ curtains,belend,bell\\ end,bell\\.end,bellend,bell\\-end,Big\\ J0ck,BIG\\ JOCK,Big\\ Jock\\ did\\ know,BIG\\ JOCK\\ knew,Bin\\ Dip\\ pers,bin\\ dippers,bin\\ dipping,bin\\-dippers,BJ,BJK,BJK\\?,black\\ mail,blackmail,blackmailer,bo\\*\\*\\*\\*ks,bo11ocks,Boll0cks,bollocks,bollox,bolocks,bolox,Bomb,Bombing,boning,bootha,boothas,bribe,bribed,bribes,brothel,bu\\ min,bugger,Bukkake,Bulger,bull5h1tt1ng,Bullsh\\!t,bum\\ bandit,bum\\ bandits,bum\\ hole,bumbandit,bum\\-bandit,bumh0l3,bumh0le,bumhol3,bumhole,bummers,bun,bun\\.,bung,bungs,buns,Buying\\ coke,c\\ nuts,c\\ o\\ k,c\\ u\\ n\\ t,C\\ U\\ N\\ T\\.,c\\ unt,c\\ unt\\.,c\\#nt,C\\&nbsp\\;u\\&nbsp\\;n\\&nbsp\\;t,C\\*\\&TS,c\\*\\*\\*,c\\*\\*\\*s,C\\*\\*\\*Ts,c\\*\\*k,C\\*\\*t,C\\*\\*ts,C\\*\\*t\\'s,c\\*nt,c\\.u\\.n\\.t,c\\.unt,c\\.untyb\\.ollocks,c\\@\\#t,c\\@Nts,C\\_u\\_n\\_t,c00n,c0ck,C0cksucka,C0cksucker,c9nt,cahnt,cahnts,cannabis,cannabis\\.,Cannibis,cant\\'s,CASH\\ PRIZE,cash\\ prizes,ceej,Chaventry,cheat,cheated,cheater,cheating,Cheating\\.,cheats,CHELSCUM,child\\ abuse,Chinkies,Chinky,clit,closet,Cloth\\ head,Clothhead,clucking\\ funt,cnut,cnuts,Co\\(k,coc\\&nbsp\\;k,Cocaine,cock,cockfaced,cockh3ad,cockhead,Cocksucka,Cocksucker,Cocksuckers,Cocksuckers\\.,Cok,coke,Colombian\\ stuff,communities\\@bbc\\.co\\.uk,conspiring,coon,corrupt,corruption,cr\\*p,cr3tin,creatin,cretin,cretins,cripple,cu\\&nbsp\\;nt,cu\\&nbsp\\;nts,cu\\*t,cum,Cunt,c\\-u\\-n\\-t,cunting,Cunts,Cunt\\'s,Currant\\ Buns,Current\\ Bun,Current\\ Buns,cvnt,cvnts,d\\&ugs,D\\*\\*khead,d\\*c,d\\*ckhead,d\\*ckheads,d1ck,D1ck\\!,d1ckH\\@ed,darkie,darky,death\\ camp,defraud,deserve\\ to\\ die,deserve\\ to\\ die\\.,dhick,dick,dick\\&nbsp\\;head,dickhead,dicks,died,diklik,dippers,Dogshit,DOLE\\ MONKEYS,dope,drug,druggie,druggy,drugs,Duke\\ of\\ Edinburgh,dumba\\$\\$,dumbfuck,dumbfucker,Dxxkhead,effin,efkin,ejaculate,ejaculating,enter\\ free\\ at,ENTRIES\\ CLOSE\\ AT,envelope,er3e,erse,ethnics,f\\ \\*\\*\\*,f\\ \\*\\*k,F\\ A\\ G\\!,F\\ all,f\\ c\\ u\\ k\\ off\\.,f\\ ck,f\\ cker,f\\ cking,F\\ o\\ a\\ d,F\\ off,F\\ OFFBBC,f\\ right\\ off,F\\ U\\ \\-\\ C\\ K,f\\ u\\ c\\ k,f\\ u\\ c\\ ked,f\\ uc\\ k,f\\ uc\\ king,f\\ uck,F\\-\\ u\\-c\\-k,f\\ ucking,f\\!ck,f\\#\\#\\#,F\\#\\#\\#ing,f\\#\\#k,f\\#\\#king,f\\#ck,f\\#cked,F\\$cks,F\\%\\$K,f\\%\\$king,f\\&nbsp\\;cked,f\\&nbsp\\;u\\&nbsp\\;c\\&nbsp\\;k,f\\&nbsp\\;uck,f\\&nbsp\\;ucker,f\\&nbsp\\;ucking,f\\(\\)\\(\\)k,f\\(\\)\\(\\)ker,f\\(\\)\\(\\)king,F\\(\\)ck\\ you,f\\(\\)ckers,f\\(\\)ckers\\.,f\\(\\)ckin,F\\*\\ \\*K,f\\*\\ ck,f\\*\\#kin\\',f\\*\\&k,f\\*\\&k\\!ng,f\\*\\(\\),f\\*\\*\\*,F\\*\\*\\*\\*\\*,F\\*\\*\\*\\*\\*\\*,f\\*\\*\\*\\*\\*g,f\\*\\*\\*\\*d,f\\*\\*\\*ed,f\\*\\*\\*in,f\\*\\*\\*ing,f\\*\\*ing,f\\*\\*k,f\\*\\*ked,f\\*\\*ker,f\\*\\*kin,f\\*\\*king,f\\*\\*ks,f\\*c\\*,f\\*c\\*in,f\\*ck,f\\*ckin,F\\*CKING,F\\*k,f\\*ked,f\\*ker,f\\*ks,f\\*uck,F\\*uk,F\\.O\\.A\\.D,F\\.O\\.A\\.D\\.,f\\.u\\.c\\.k\\.,f\\.uck,f\\@\\&\\*ing,F\\@\\@\\@IN,F\\@\\@\\@ING,f\\@\\@k,f\\@ck,f\\@ckin,f\\@g,f\\@gs,f\\@uk,f\\[\\_\\]cker,f\\[\\_\\]cking,f\\^\\(k,f\\^\\^k,f\\^\\^ked,f\\^\\^ker,f\\^\\^king,f\\^ck,f\\^cker,f\\^cking,f\\_\\_kin,f\\_\\_king,f\\<uk,F\\>\\>K,f00ck,f00cking,f00k,f00ked,f0oked,F0YS,f3ck,f3cking,fa\\ g,fa\\ g\\.,Fa\\*\\*ck,Fack,Fackin,facking,fackk,faeces,fag,fag\\!,fag\\.,fagg0t,Faggits,faggot,faggoty,fagit,Fagits,fags,false\\ accounting,fanny,fark,favourite\\ album,favourite\\ LP,fc\\*king,fck,F\\'ck,fck\\&nbsp\\;ing,fck1ng,fckeud,Fckin,fcking,fcks,fckw1t,fckwit,fcuk,f\\-cuk,fcuked,fcuker,fcukin,fcuking,fcuks,feaces,featuring\\ the\\ best,feck,feckin,fecking,f\\-\\-\\-ed,FEHCK,FEHCKS,fekking,felch,felched,Felching,feltch,feltcher,feltching,fen\\ ian,f\\-\\-\\-\\-\\-g,FIA\\ President,f\\'ing,F\\-ing,f\\-\\-\\-ing,fixed\\ match,fk,f\\'k,f\\-\\-k,fkcin,fkin,fking,flange,FLOCKING,flooking,Fluck,Flucking,fo\\ okin,fo0ked,FOAD,F\\-o\\-a\\-d,F\\-OFF,FOFFBBC,Fook,fookd,fooked,Fooker,fookin,FOOKIN\\',Fooking,football\\ for\\ free,footballonsat,footballonsat\\.com,Foxtrot\\ oscar,FOYS,fraud,fraudulant,fraudulent,free\\ ipod,Free\\ PS3,free\\ xbox,frig,frigging,frigin,friging,frogs,fu\\ \\<k,fu\\ c\\ king,fu\\ cking,FU\\ KKED,FU\\&KIN,FU\\&KING,fu\\&nbsp\\;ck,fu\\&nbsp\\;cked,fu\\&nbsp\\;cker,fu\\&nbsp\\;cking,fu\\(k,FU\\(KER,FU\\(KERs,fu\\*\\*ed,fu\\*k,fu\\.ck,fu\\@k,fu\\@ker,FU\\[IN,fu\\^k,fu\\^ker,fu\\^king,fu\\{in,Fu\\~\\*king,fu\\<\\ kin,fu\\<k,F\\-u\\-\\<\\-k,fu\\<ked,fu\\<ker,fu\\<kin,fu\\<king,fu\\<kker,fu\\<kr,fu\\<ks,fuc,fuc\\&nbsp\\;ked,fuc\\&nbsp\\;ker,fuc\\&nbsp\\;king,fucck,fuck,F\\'uck,f\\-uck,f\\-u\\-ck,fuck\\&nbsp\\;ed,fuck\\&nbsp\\;ing,fucke\\&nbsp\\;d,fucked,fucker,fuckers,fucki\\&nbsp\\;ng,fuckin,fucking,fuckinghell,fuckk,fucks,Fuckup,fuckw1t,fuckwit,fuck\\-wit,fucw1t,fucwit,fud,Fudge\\ p\\@cker,fudge\\ packer,fudge\\_packer,fudge\\_packers,fudgep\\@cker,Fudge\\-p\\@cker,fudgepacker,Fudge\\-packer,fudge\\-packers,Fudgpacker,fuds,fu\\-\\-ing,fuk,fukced,fuked,fuker,fukin,fuking,fukk,fukked,fukker,fukkin,fukking,fuks,fukwit,fuukn,fvck,Fvckup,Fvck\\-up,fvckw1t,fvckwit,fvk,gang\\ bang,gangbang,gang\\-bang,gash,gay,gayboys,gayhole,genitalia,gimp,girlie\\-gardening,giro,giros,gob4h1te,Gobshite,golden\\ shower,got\\ me\\ banned,Gypo,Gypos,Gyppo,Gyppos,gypsies,gypsy,H\\ O\\ M\\ O,H\\ un,h0m0,h0mo,ham\\ shank,hash,having\\ it\\ off\\ with,hitler,homo,homosexual,hooker,hookers,hotbud\\-hotspot,hotbud\\-hotspot\\.blogspot\\.com\\/,http\\:\\/\\/442forums\\.net,http\\:\\/\\/442forums\\.net\\/forums,http\\:\\/\\/442forums\\.net\\/forums\\/,http\\:\\/\\/ffe\\.createmybb\\.com\\/member\\.php\\?action\\=regist,http\\:\\/\\/i175\\.photobucket\\.com\\/albums\\/w153\\/johnnydanc,http\\:\\/\\/livefooty\\.doctor\\-serv\\.com,http\\:\\/\\/livefooty\\.doctor\\-serv\\.com\\/,http\\:\\/\\/naz22\\.myminicity\\.com,http\\:\\/\\/naz22\\.myminicity\\.com\\/sec,http\\:\\/\\/news\\.ninemsn\\.com\\.au\\/article\\.aspx\\?id\\=312659,http\\:\\/\\/nextgenpes\\.proboards56\\.com,http\\:\\/\\/nonstopsoccer\\.proboards83\\.com,http\\:\\/\\/onerugbyleague\\.proboards76\\.com\\/index\\.cgi\\#ge,http\\:\\/\\/racehorseheros\\.myfreeforum\\.org\\/about900\\.htm,http\\:\\/\\/sawdonia\\.myminicity\\.com,http\\:\\/\\/sawdonia\\.myminicity\\.com\\/,http\\:\\/\\/sawdonia\\.myminicity\\.com\\/tra,http\\:\\/\\/stadskanaal\\-1\\.myminicity\\.com,http\\:\\/\\/stadskanaal\\-1\\.myminicity\\.com\\/,http\\:\\/\\/stadskanaal\\-1\\.myminicity\\.com\\/ind,http\\:\\/\\/stadskanaal\\-1\\.myminicity\\.com\\/tra,http\\:\\/\\/tw\\-kent\\.myminicity\\.com,http\\:\\/\\/tw\\-kent\\.myminicity\\.com\\/,http\\:\\/\\/woodzone\\.myminicity\\.com,http\\:\\/\\/woodzone\\.myminicity\\.com\\/,http\\:\\/\\/woodzone\\.myminicity\\.com\\/com,http\\:\\/\\/woodzone\\.myminicity\\.com\\/ind,http\\:\\/\\/woodzone\\.myminicity\\.com\\/sec,http\\:\\/\\/www\\.clickcaster\\.com\\/warriorfm,http\\:\\/\\/www\\.communities\\.com,http\\:\\/\\/www\\.communities\\.com\\/,http\\:\\/\\/www\\.edwardmitterrand\\.com\\/artists\\/Slow\\%20Bur,http\\:\\/\\/www\\.ekhichdi\\.com\\/,http\\:\\/\\/www\\.ekhichdi\\.com\\/index\\.php\\?board\\=41\\.0,http\\:\\/\\/www\\.ekhichdi\\.com\\/index\\.php\\?topic\\=33\\.0,http\\:\\/\\/www\\.ffe\\.createmybb\\.com,http\\:\\/\\/www\\.ffe\\.createmybb\\.com\\/,http\\:\\/\\/www\\.footballonsat\\.com,http\\:\\/\\/www\\.footballonsat\\.com\\/,http\\:\\/\\/www\\.footballstreaming\\.info,http\\:\\/\\/www\\.nonstopsoccer\\.proboards83\\.com,http\\:\\/\\/www\\.proevoeliteleagues\\.co\\.uk\\/forums\\/,http\\:\\/\\/www\\.scrum\\-5\\.co\\.uk,http\\:\\/\\/www\\.scrum\\-5\\.co\\.uk\\/,http\\:\\/\\/www\\.thesillypoint\\.com\\/forum,http\\:\\/\\/www\\.thesillypoint\\.com\\/forum\\/,http\\:\\/\\/www\\.xperteleven\\.com\\/,hun,HUN\\.,huns,hvn,hvns,I\\ was\\ banned,illicit,inbr3d,inbr3ds,inbred,inbred\\!\\!,inbred\\!\\!\\!,inbred\\.,inbreded,inbreds,inbreds\\!,inbreds\\!\\!,inbreds\\.,IRA,IRA\\.,IRA\\'s,ITies,J\\ Stein,jizz,Jock\\ knew\\.,Jock\\ Stein,join\\ FFE,juanker,juanker\\.,juankers,juankers\\.,jungle\\ bunny,JUNKIE,K\\*\\*t,k\\@ffir,k\\@ffirs,k\\@fir,k\\@firs,k0k,Kaf1r,Kaff1r,Kaffir,Kaffirs,Kafir,Kafirs,kafr,kant,kants,Khunt,kiddie\\ fiddler,kiddie\\ fiddling,kiddie\\-fiddler,kiddie\\-fiddling,\\'kiddyfiddler\\',kike,kitbag\\.com,kn\\*\\ b,kn0b,kn0bhead,knob,knob\\&nbsp\\;head,Knobber,knobhead,knobhound,kraut,Kunt,kyke,L\\ m\\ f\\ a\\ o,L\\.m\\.f\\.a\\.o,L\\.m\\.f\\.a\\.o\\.,Large\\ Jock,Liar,Lie,Lied,live\\ streaming,live\\ streams,livefooty,LiveFooty\\-,LiveFooty\\-\\ 9,livefooty\\ dot\\ doctor\\-serv\\.com\\/,livefooty\\.doctor\\-serv,livefooty\\.doctor\\-serv\\.com,livefooty\\.doctor\\-serv\\.com\\/,livefooty9,LiveFooty\\-9,Lmfa0,Lmfao,Lying,m\\.inge,M\\.otherf\\.ucker,m0r0n,m0r0ns,m0ron,m0rons,M1nge,maggot,maggots,manure,manures,marajuana,marching\\ powder,match\\ fixing,match\\-fixing,maw,maws,Max,maxine\\ carr,McNumpty,Minge,mod,moderat0rs,moderator,moderators,mods,mof\\*\\*ker,mof\\*\\*kers,mofo,mofuccer,mofucker,mofuckers,mofucking,mofukcer,mohterf\\*\\*ker,mohterf\\*\\*kers,mohterf\\*kcer,mohterfuccer,mohterfuccers,mohterfuck,mohterfucker,mohterfuckers,mohterfucking,mohterfucks,mohterfuk,mohterfukcer,mohterfukcers,mohterfuking,mohterfuks,mor0n,mor0ns,moron,morons,Mosley,moterf\\*\\*ker,moterfuccer,moterfuck,moterfucker,moterfuckers,moterfucking,moterfucks,mothaf\\*\\*k,mothaf\\*\\*ker,mothaf\\*\\*kers,mothaf\\*\\*king,mothaf\\*\\*ks,mothafuccer,mothafuck,Mothafucka,motha\\-fucka,mothafucker,mothafuckers,mothafucking,mothafucks,mother\\ f\\-\\-\\-ers,motherf\\*\\*ked,Motherf\\*\\*ker,Motherf\\*\\*kers,Motherfuccer,Motherfuccers,Motherfuck,motherfucked,Motherfucker,Motherfuckers,Motherfucking,Motherfucks,motherfukkker,mthaf\\*\\*ka,mthafucca,mthafuccas,mthafucka,mthafuckas,mthafukca,mthafukcas,muff,muff\\-diver,muff\\-diving,muffs,murder,murdered,murdering,muth\\@fucker,muthaf\\*\\*k,muthaf\\*\\*ker,muthaf\\*\\*kers,muthaf\\*\\*king,muthaf\\*\\*ks,muthafuccer,muthafuck,muthafuck\\@,Muthafucka,muthafucker,muthafuckers,muthafucking,muthafucks,Muthafukas,n0b,N1gger,N1ggers,narcotics,naz22\\.myminicity\\.com,naz22\\.myminicity\\.com\\/,nazi,nazis,nazist,neds,nextgenpes\\.proboards56\\.com,nig\\ nog,niga,nigga,niggaz,Nigger,niggers,nignog,nig\\-nog,nob,nob\\&nbsp\\;head,Nobhead,nonce,nonce\\.,nonstopsoccer\\.proboards83\\.com,Ntini,Ntini77,ogrish\\.com,orgy,p\\!ss,P\\*\\$\\$,p\\*\\*\\*es,p\\*\\*i,p\\*ki,P\\*ss,p\\.iss\\-flaps,p\\@ki,p\\@kis,p00f,p00fs,p00fter,p00fters,p0of,p155,p88f,p88f\\!,paddy,paedos,pak1,paki,pakis,Pat\\ Lampards,Pat\\ Lampard\\'s,peado,pearl\\ necklace,pedo,pench0d,pench0ds,penchod,penchods,Perryman,perv,perv\\.,pervert,perverts,pervs,phanny,phanny\\.,pheck,phecking,phelching,pheque,phequing,Philip\\ the\\ greek,Phillip\\ the\\ greek,phookin,Phuck,Phucker,phuckin,Phucking,Phucks,Phuk,phuque,pi\\$\\$ed,pikey,pillow\\ biter,pillowbiter,pillow\\-biter,pills,pimp,pis5,piss\\ head,Piss\\ off,Pissflaps,pl\\$\\$,Plastic,plastic\\ fan,plastic\\ fan\\!,Play\\ PES\\ 2008,po0f,poff,ponce,ponces\\!,Poo\\ stabber,Poo\\ stabbers,poof,poofs,poofter,porn,pr\\ ick,pr\\!ck,pr\\!ck\\.,pr\\*\\(k,pr\\*\\(k\\.,pr\\*ck,pr\\*ck\\.,pr\\*ck\\?,pr1ck,Pr1ck\\!,Pr1cks,Pr1cks\\!,pr1k,pr1ks,prick,Prik,Prince\\ Philip,Prince\\ Phillip,proboards83,proboards83\\.com,prossies,prostitute,prostitutes,prozzies,pu\\$\\$y,PUFF,puffs,puffs\\.,pussy,pwick,Pwick\\.,queen,queer,queers,Quim,Quim\\.,r3tard,r3tarded,racehorseheros\\.myfreeforum\\.org\\/about900\\.html,raghead,ragheads,rape,raped,rapist,rapists,REGISTER\\ TODAY,re\\-register,ret\\@rd,retard,retarded,retarded\\.,rim\\ job,rimming,s\\-\\ c\\-v\\-m,S\\&M,s\\&um,S\\(um,s\\*\\*\\*\\*\\.,s\\*\\*m,s\\*\\*te,S\\*um,s\\.hit,S1ut,sadomasochistic,sado\\-masochistic,sausage\\ jockey,sc\\ u\\ m\\!,sc\\ um,sc\\*m,Scat,scu\\/\\\\\\/\\\\,scum,scumbags,Scumchester,scumm,scumm\\!,Selling\\ Coke,sexual,sh\\ hit,Sh\\!t,sh\\!te,sh\\!tes,sh\\&te,sh\\*\\ te,Sh\\*\\*\\*ng,sh\\*t,sh\\*thead,sh\\*theads,sh1t,sh1\\'t,sh1te,sh1thead,sh1theads,shady\\ backroom\\ dealings,shady\\ dealings,shag,SHAGGERS,shat,SHEEP,sheep\\ l0ver,sheep\\ l0vers,Sheep\\ lover,Sheep\\ lovers,SHEEP\\ SHAGGERS,sheepl0ver,sheep\\-l0ver,sheepl0vers,sheep\\-l0vers,Sheeplover,Sheep\\-lover,sheep\\-lovers,SHEEPSHAGGERS,SHEEP\\-SHAGGERS,sheet\\ head,sheet\\ heads,sheethead,sheetheads,shirtlifter,shirt\\-lifter,shirtlifters,shirt\\-lifters,Shit\\ stabber,Shit\\ stabbers,shitstabber,shitstabbers,shut\\ the\\ F\\ up,shyte,Sinn\\ Fein,Sinn\\ Fein\\'s,skank,skum,skunk,sl\\ uts,slag,slanderyou2\\.blogspot\\.com,slapper,slut,smack,Snorting\\ coke,Soccer\\ Live2,spastic,spaz,spaz\\.,sphincter,spic,spit\\ roasting,spitroast,spit\\-roast,spit\\-roasting,spit\\-roasts,spliff,spunk,spunking,stadskanaal\\-1\\.myminicity\\.com,Steal,Stealing,Stole,Stolen,suck\\ my\\ balls,suck\\ my\\ balls\\!,suck\\ my\\ balls\\!\\!,suing,t\\ w\\ a\\ t,t\\ wat,t\\!ts,t\\&nbsp\\;w\\&nbsp\\;a\\&nbsp\\;t,t\\&nbsp\\;w\\&nbsp\\;a\\&nbsp\\;t\\&nbsp\\;s,t\\*\\*t,t\\*sser,t\\*w\\*a\\*t,t\\.wat,t0\\$\\$er,t055er,T0ss3r,T0ss3rs,t0sser,t0ssers,ta\\ rt,taigs,taigs\\.,take\\ it\\ up\\ the,takes\\ it\\ up\\ the,taking\\ coke,teabag,teabagging,tea\\-bagging,Temper0,Tempero,thesillypoint\\.com,thesillypoint\\.com\\/forum\\/,throw\\ a\\ game,tims,to\\$\\$ers,to\\*\\*er,to55er,to55ers,tosser,tosser\\,,tossers,tossurs,towel\\ head,towelhead,Trophy\\ Centre,Trophy\\ Centre\\.,turd,TVANTS\\ dot\\ com,TVANTS\\.com,tvvat,tvvats,tw\\ a\\ t,tw\\ a\\ t\\.,tw\\ at,tw\\#t,tw\\&nbsp\\;at,tw\\&t,tw\\*t,tw\\@,tw\\@t,tw\\@ts,tw\\_t,tw\\~t,Tw\\>t,Tw4t,tw8t,tw8ts,twa\\ t,twat,t\\-wat,t\\-w\\-a\\-t\\.,twats,twatt,twattish,tw\\-kent\\.myminicity\\.com\\/,Twunt,twunts,Unionist,up\\ the\\ Gary,vous,W\\ a\\ n\\ k\\ a,W\\ A\\ N\\ K\\ E\\ R,W\\ A\\ N\\ K\\ E\\ R\\ C\\ U\\ N\\ T\\ S,w\\ anker,w\\ ankers,w\\#\\#kers,W\\#\\*K,W\\#nker,W\\#nkers,w\\*\\*\\*\\*\\*\\*,w\\*\\*\\*er,w\\*\\*kers,w\\*nker,w\\*nkers,w\\.ank,w\\@\\@\\@ers,w\\@nk,w\\@nker,w\\@nkers,w\\@nking,w\\@nks,w\\@nkstain,w0g,w0gs,W4nker\\!,W4nkers\\!,wa\\ nker,Wan\\ k\\ er,Wan\\ k\\ ers,wan\\ ker,Wan\\*\\*r,wan\\-\\-ers,wank,Wanka,wankas,wanke\\ r,wanked,wanker,wankers,wan\\-kers,wanking,wanks,wank\\'s,wengers\\-secret\\-room\\.tk,wet\\ spam,Wh0re,whanker,whankers,whanking,Whatthefuck,white\\ powder,white\\ stuff,whore,whores,win\\ cash\\ prizes,wog,woodzone\\.myminicity\\.com,woodzone\\.myminicity\\.com\\/,wop,www\\.communities\\.com,www\\.communities\\.com\\/,www\\.footballonsat\\.com\\/,www\\.footballstreaming,www\\.footballstreaming\\.info,www\\.girliegardening\\.com,www\\.iwantfreebets\\.com,www\\.myspace\\.co\\.uk,www\\.myspace\\.com\\/clubtipsyuk,www\\.myspace\\.com\\/deepakpakpak,www\\.nonstopsoccer\\.proboards83\\.com,www\\.scrum\\-5\\.co\\.uk,www\\.themalealliance\\.info,www\\.themalealliance\\.info\\.,www\\.thesillypoint\\.com,www\\.thesillypoint\\.com\\/forum,www\\.twolu\\.com,www\\.xperteleven\\.com,www\\.yesitshelpful\\.com,Xpert\\ Eleven,Xrse,Xrseh,Xrsehol,Xrsehole,Xxxhole,Y\\!ddo\\!,Y\\!ddo\\!\\!,Y\\*d,y1dd,ya\\ prick,yid,yidd,yidds,yido,yids,You\\ are\\ a\\ retard,You\\ are\\ a\\ retard\\!,You\\ are\\ a\\ retard\\.,you\\ prick,you\\ prick\\!,your\\ mam,Your\\ Mum,You\\'re\\ a\\ retard,You\\'re\\ a\\ retard\\!,You\\'re\\ a\\ retard\\."}}, {"pk": 1, "model": "rb.site", "fields": {"logo_url_med": "", "domain": "localhost:8080", "group": 2, "name": "localhost", "twitter": "", "include_selectors": "", "logo_url_lg": "demo/images/dog_daily_logo_lg.png", "no_rdr_selectors": "", "css": "", "logo_url_sm": "demo/images/dog_daily_logo_sm.png"}}, {"pk": 2, "model": "rb.site", "fields": {"logo_url_med": "", "domain": "dev.readrboard.com", "group": 2, "name": "aws webserver", "twitter": "", "include_selectors": "", "logo_url_lg": "demo/images/dog_daily_logo_lg.png", "no_rdr_selectors": "", "css": "", "logo_url_sm": "demo/images/dog_daily_logo_sm.png"}}, {"pk": 3, "model": "rb.site", "fields": {"logo_url_med": "", "domain": "dev.readrboard.com", "group": 3, "name": "The Dog Daily", "twitter": "", "include_selectors": "", "logo_url_lg": "demo/images/dc_logo_lg.png", "no_rdr_selectors": "", "css": "", "logo_url_sm": "demo/images/dc_logo_sm.png"}}, {"pk": 4, "model": "rb.site", "fields": {"logo_url_med": "", "domain": "localhost:8080", "group": 2, "name": "The Dog Daily", "twitter": "", "include_selectors": "", "logo_url_lg": "demo/images/dog_daily_logo_lg.png", "no_rdr_selectors": "", "css": "", "logo_url_sm": "demo/images/dog_daily_logo_sm.png"}}, {"pk": 5, "model": "rb.site", "fields": {"logo_url_med": "", "domain": "readr.local:8080", "group": 2, "name": "local", "twitter": "", "include_selectors": "", "logo_url_lg": "demo/images/dog_daily_logo_lg.png", "no_rdr_selectors": "", "css": "", "logo_url_sm": "demo/images/dog_daily_logo_sm.png"}}, {"pk": 6, "model": "rb.site", "fields": {"logo_url_med": "", "domain": "readr.local:8080", "group": 3, "name": "local", "twitter": "", "include_selectors": "", "logo_url_lg": "demo/images/dc_logo_lg.png", "no_rdr_selectors": "", "css": "", "logo_url_sm": "demo/images/dc_logo_sm.png"}}, {"pk": 7, "model": "rb.site", "fields": {"logo_url_med": "", "domain": "readr.local:8080", "group": 1, "name": "readr.local:8080", "twitter": "ReadrBoard", "include_selectors": "", "logo_url_lg": "demo/images/rb_logo_lg.png", "no_rdr_selectors": "", "css": "", "logo_url_sm": "demo/images/rb_logo_sm.png"}}, {"pk": 1, "model": "rb.page", "fields": {"url": "http://readr.local:8080/static/demo/index.html", "site": 7, "canonical_url": "http://dev.readrboard.com/static/demo/", "title": "ReadrBoard Demo"}}, {"pk": 2, "model": "rb.page", "fields": {"url": "http://readr.local:8080/static/demo/dailycandy.html", "site": 6, "canonical_url": "http://www.dailycandy.com/new-york/article/92010/5-Surprises-for-Childish-Souls", "title": "Start Small, Go Big Contest - Small Business Contest | All Cities - DailyCandy "}}, {"pk": 1, "model": "rb.content", "fields": {"body": "you, the undoubtedly splendid reader, some pleasant", "kind": "txt", "location": "0:64,0:115", "modified": "2011-08-10 17:55:33", "created": "2011-08-10 17:55:33"}}, {"pk": 2, "model": "rb.content", "fields": {"body": "really. It stays out of your way for the most part, but\n            as soon", "kind": "txt", "location": "0:62,0:137", "modified": "2011-08-10 18:04:23", "created": "2011-08-10 18:04:23"}}, {"pk": 3, "model": "rb.content", "fields": {"body": "you\n            can see - in a word or two - what other folks are\n            saying around", "kind": "txt", "location": "0:48,0:139", "modified": "2011-08-10 18:04:31", "created": "2011-08-10 18:04:31"}}, {"pk": 4, "model": "rb.content", "fields": {"body": "know how you're", "kind": "txt", "location": "0:68,0:83", "modified": "2011-08-11 11:06:22", "created": "2011-08-11 11:06:22"}}, {"pk": 5, "model": "rb.content", "fields": {"body": "for those of you who might be a little\n              click-shy, here's an easy one. Here's a picture of a\n              cute charming puppy. Admit it, you think it's cute,\n              don't you? Or maybe you think it's preposterous, we\n              don't", "kind": "txt", "location": "0:9,0:266", "modified": "2011-08-11 14:27:24", "created": "2011-08-11 14:27:24"}}, {"pk": 6, "model": "rb.content", "fields": {"body": "give\n              you, the undoubtedly splendid reader, some pleasant", "kind": "txt", "location": "0:45,0:115", "modified": "2011-08-12 14:41:07", "created": "2011-08-12 14:41:07"}}, {"pk": 7, "model": "rb.content", "fields": {"body": "pleasant\n              content", "kind": "txt", "location": "0:107,0:137", "modified": "2011-08-12 14:42:20", "created": "2011-08-12 14:42:20"}}, {"pk": 8, "model": "rb.content", "fields": {"body": "Meet the Readrboard widget. It's pretty friendly, really. It stays out of your way for the most part, but as soon as you get the hankering to react, share, or discuss something particular on a webpage, it can probably help you.", "kind": "txt", "location": "0:0,0:227", "modified": "2011-08-14 13:52:05", "created": "2011-08-14 13:52:05"}}, {"pk": 9, "model": "rb.content", "fields": {"body": "So bring on our second annual Start Small, Go Big Contest, your chance to launch your bazillion dollar idea (that\u2019s not bacon milk). The deadline for entries is August 5.", "kind": "txt", "location": "0:0,2:40", "modified": "2011-08-14 15:38:06", "created": "2011-08-14 15:38:06"}}, {"pk": 1, "model": "rb.container", "fields": {"body": "now, see that pin when you hover over the image? as you can see... fact. this puppy is adorable.", "kind": "text", "hash": "6de167841ebfe9d23f201154fd7c158a"}}, {"pk": 2, "model": "rb.container", "fields": {"body": "filed under awesome", "kind": "text", "hash": "cc5c819bf51a96daad1c3c32fde405f9"}}, {"pk": 3, "model": "rb.container", "fields": {"body": "and, we're back. since this video is about us, let us know how you're doing so far. wait, you already figured out that it's the same as images?", "kind": "text", "hash": "f1f64287d7398a80bbfe665003766c05"}}, {"pk": 4, "model": "rb.container", "fields": {"body": "well here's one final mission for you. after you make one of your brilliant reactions, share it with a friend by clicking on one of the shiny twitter or facebook buttons. since you've come this far, i think you can figure it from there.", "kind": "text", "hash": "6eef9ce1ef9b76dd3260a975997b7e58"}}, {"pk": 5, "model": "rb.container", "fields": {"body": "bonjourno. this is a fake article written to give you, the undoubtedly splendid reader, some pleasant content for playing with the readrboard widget.", "kind": "text", "hash": "631eb4d994595a8a3ec836f71a1d88a3"}}, {"pk": 6, "model": "rb.container", "fields": {"body": "okay, that was a warmup. how do you feel about offering your opinion on video? we know this has been pretty strenuous, so we'll give you a little coffee break to take up the rest of this paragraph. okay it's actually just to make our content look nice.", "kind": "text", "hash": "bfecd7d2f20df397ed914b8ea07ac459"}}, {"pk": 7, "model": "rb.container", "fields": {"body": "http://player.vimeo.com/video/21956758?title=0&byline=0&portrait=0", "kind": "media", "hash": "f3cbb32511614bea56f327c22bbb742d"}}, {"pk": 8, "model": "rb.container", "fields": {"body": "of course, this is just a beta product and we know we can't go from 0-to-awesome just yet. we're starting small, bringing you a simple tool that we hope nails-it on a couple of core ideas:", "kind": "text", "hash": "db9697c4b1b05fa29d9289f72d31a6de"}}, {"pk": 9, "model": "rb.container", "fields": {"body": "anything in particular get your attention? hover over some images or select some text and let the other readers know about it. after all, this is the new era of publishing and we readers are in it together. even if we've never met, we're in a community just because, in reading, we've digested the same content. we think this is pretty fantastic.", "kind": "text", "hash": "fc240cd6e0819c4bc3fee100506e7702"}}, {"pk": 10, "model": "rb.container", "fields": {"body": "alright, for those of you who might be a little click-shy, here's an easy one. here's a picture of a cute charming puppy. admit it, you think it's cute, don't you? or maybe you think it's preposterous, we don't know, tag it whatever you want.", "kind": "text", "hash": "875b5f9f349066032f1fe412c113234f"}}, {"pk": 11, "model": "rb.container", "fields": {"body": "readrboard - just another bootstrapped startup", "kind": "text", "hash": "ecc79cbee29f97d5d991adb6cb23a214"}}, {"pk": 12, "model": "rb.container", "fields": {"body": "and now a message from our sponsors:", "kind": "text", "hash": "c31dab7e98bd7cdc6263ea1efb0cdd32"}}, {"pk": 13, "model": "rb.container", "fields": {"body": "see those pins on the page? hover over one, and you can see - in a word or two - what other folks are saying around here. just one click, and you'll see even more reactions.", "kind": "text", "hash": "c6dde79f6c57f9004865320308b66024"}}, {"pk": 14, "model": "rb.container", "fields": {"body": "ok, so that's what we've done so far. stay tuned for more exciting ideas, and let us know how we're doing. we mean it - we really want your criticism; please go ahead and mark up this page with reactions where you have opinions. we're pretty excited about seeing where this thing can go and have some great advisers to help us along the way.", "kind": "text", "hash": "2bbe3a35d638609214be48734b1466e7"}}, {"pk": 15, "model": "rb.container", "fields": {"body": "http://www.youtube.com/embed/eD1i6IpU56o", "kind": "media", "hash": "bab188490668943bf976038f1e4b1059"}}, {"pk": 16, "model": "rb.container", "fields": {"body": "meet the readrboard widget. it's pretty friendly, really. it stays out of your way for the most part, but as soon as you get the hankering to react, share, or discuss something particular on a webpage, it can probably help you.", "kind": "text", "hash": "83b3d7d4dcf2e752fd70d09490c2e213"}}, {"pk": 17, "model": "rb.container", "fields": {"body": "http://readr.local:8080/static/demo/readrboard-demo/readrboard-widget-4.png", "kind": "img", "hash": "f7d29c77769e32dc5fc0362c2fd1d044"}}, {"pk": 18, "model": "rb.container", "fields": {"body": "theme borrowed from wordpress.com. theme: structure by organic themes.", "kind": "text", "hash": "14bddddf5bb228333d8b7340e84fba9d"}}, {"pk": 19, "model": "rb.container", "fields": {"body": "not bad, young padawan.", "kind": "text", "hash": "e4f56dc34cef2424a77bc3776bd07d74"}}, {"pk": 20, "model": "rb.container", "fields": {"body": "we understand that online social tools have a lot of room for improvement. that's why we're excited to think hard about these issues and kick off some genuine innovations.", "kind": "text", "hash": "d014db05d0863f777a7df4458b9a26ba"}}, {"pk": 21, "model": "rb.container", "fields": {"body": "http://readr.local:8080/static/demo/readrboard-demo/puppy.png", "kind": "img", "hash": "7b6a9a301e4bf944af3b957fd76c8e7c"}}, {"pk": 22, "model": "rb.container", "fields": {"body": "so it's pretty easy, right? well that's good, because we know it's hard out there for an earnest reader. we know you're hard at work adding a truly important perspective to online conversation. we hate to see that voice get drowned out by spam and white noise.", "kind": "text", "hash": "bd68b72ee908d5203eeca57a36ba380a"}}, {"pk": 23, "model": "rb.container", "fields": {"body": "academy of art", "kind": "text", "hash": "03b345889c036cd609a5d54b4e8701ca"}}, {"pk": 24, "model": "rb.container", "fields": {"body": "is there anything we love more than jewelry designers who wake the neighbors with their fine-metal hammering, a hairdresser with secret weapons against humidity, or a bartender who pours drinks and hook's us up? perhaps just one: helping these brilliant businesses get off the ground.", "kind": "text", "hash": "7ea7b8900c5664a49df4e8a6af222433"}}, {"pk": 25, "model": "rb.container", "fields": {"body": "sign up for your free daily e-mail about the latest in fashion, food & fun - plus reminders about our swirl sample sales.", "kind": "text", "hash": "17c98247d9d6593ae8a7ab8795ff92c6"}}, {"pk": 26, "model": "rb.container", "fields": {"body": "for rules, details, and an entry form, go to dailycandy.com/startsmallgobig.", "kind": "text", "hash": "20ccb0def44e5e26eca479ff9d72c885"}}, {"pk": 27, "model": "rb.container", "fields": {"body": "get revenge with a rap beat", "kind": "text", "hash": "48c723c905d3f1b8e2dd5ae27b3ccf9c"}}, {"pk": 28, "model": "rb.container", "fields": {"body": "http://readr.local:8080/static/demo/dailycandy/i/verde-1.jpg", "kind": "img", "hash": "63e1910e5d22366f0b028c3a0bb22227"}}, {"pk": 29, "model": "rb.container", "fields": {"body": "one winner from each of our categories (fashion, beauty, food and drink, and home) will win a trip to new york city, a dailycandy write-up, and a day at the dailycandy academy, where the likes of isaac mizrahi, marcus samuelsson, and rebecca minkoff will mentor the begenius out of you.", "kind": "text", "hash": "cec0ba85b14e296c8d08d00da2a72c19"}}, {"pk": 30, "model": "rb.container", "fields": {"body": "photo: getty images", "kind": "text", "hash": "9e5472fbb7a4e525b454949d3b8ce968"}}, {"pk": 31, "model": "rb.container", "fields": {"body": "girls who like boys who like boys", "kind": "text", "hash": "e4585600fcefc70c51effa710a52151d"}}, {"pk": 32, "model": "rb.container", "fields": {"body": "sign up now \u2014 it's free \u2014 to be part of dailycandy.", "kind": "text", "hash": "bcbdf9639e712a423d6b70605e7b06cc"}}, {"pk": 33, "model": "rb.container", "fields": {"body": "dogs who can paint", "kind": "text", "hash": "1323d8d4bbed0d846761b5ab5e1ecade"}}, {"pk": 34, "model": "rb.container", "fields": {"body": "terms & conditions | privacy policy", "kind": "text", "hash": "21ad50755bd4cd3e79143c0d62b15f67"}}, {"pk": 35, "model": "rb.container", "fields": {"body": "so bring on our second annual start small, go big contest, your chance to launch your bazillion dollar idea (that\u2019s not bacon milk). the deadline for entries is august 5.", "kind": "text", "hash": "8930c16c3df989a79fd0c163fc14aeb2"}}, {"pk": 36, "model": "rb.container", "fields": {"body": "http://readr.local:8080/static/demo/dailycandy/i/thecookiesandwichco2.jpg", "kind": "img", "hash": "425b0d6d17aab2e7c5f4a0696da62fef"}}, {"pk": 37, "model": "rb.container", "fields": {"body": "http://readr.local:8080/static/demo/dailycandy/i/transparent.gif", "kind": "img", "hash": "f4ef796e2e52fb5443c2712b98565535"}}, {"pk": 38, "model": "rb.container", "fields": {"body": "http://readr.local:8080/static/demo/dailycandy/i/dailycandy-header-home-garden.png", "kind": "img", "hash": "71ac21f8bb93a49aeb2c6f13e304db1f"}}, {"pk": 39, "model": "rb.container", "fields": {"body": "http://readr.local:8080/static/demo/dailycandy/i/twitter.png", "kind": "img", "hash": "1f0ecaa1287a651810803512d75e1afd"}}, {"pk": 40, "model": "rb.container", "fields": {"body": "spoil your pop", "kind": "text", "hash": "39a07248a9f302d6759eb8f34c9cb226"}}, {"pk": 41, "model": "rb.container", "fields": {"body": "walk this way", "kind": "text", "hash": "6a827e7fe1b17d4023e6ada68604892f"}}, {"pk": 42, "model": "rb.container", "fields": {"body": "community policy", "kind": "text", "hash": "a172f4ae104b9a31080f55984365f1a9"}}, {"pk": 43, "model": "rb.container", "fields": {"body": "hiya. log in to comment.", "kind": "text", "hash": "9483def1f9b41184318f44725a70bce5"}}, {"pk": 44, "model": "rb.container", "fields": {"body": "http://readr.local:8080/static/demo/dailycandy/i/paper-hammer.jpg", "kind": "img", "hash": "9dda004ab2d230d182649167440a9702"}}, {"pk": 45, "model": "rb.container", "fields": {"body": "temp readrboard video thrown in here for testing", "kind": "text", "hash": "b8eef9f2ecb8e1beac745a587c7fed21"}}, {"pk": 46, "model": "rb.container", "fields": {"body": "http://readr.local:8080/static/demo/dailycandy/i/travel.jpg", "kind": "img", "hash": "4123418009fd141b548be15825dbbf22"}}, {"pk": 47, "model": "rb.container", "fields": {"body": "privacy policy | terms & conditions", "kind": "text", "hash": "f8310234509d9f14b9899121223f7c8c"}}, {"pk": 48, "model": "rb.container", "fields": {"body": "http://readr.local:8080/static/demo/dailycandy/i/sewing-machine.jpg", "kind": "img", "hash": "7565c9c48f68483c160c3d60a1f044c2"}}, {"pk": 49, "model": "rb.container", "fields": {"body": "just think, you have nothing to lose but your day job.", "kind": "text", "hash": "1f6201df80ab5ce25b4d55e22c5a5e01"}}, {"pk": 50, "model": "rb.container", "fields": {"body": "http://readr.local:8080/static/demo/dailycandy/i/biondivino.jpg", "kind": "img", "hash": "2e1a7cec0e51850129b130e59e34c2f8"}}, {"pk": 51, "model": "rb.container", "fields": {"body": "http://readr.local:8080/static/demo/dailycandy/i/shop-the-store-la.jpg", "kind": "img", "hash": "a3f69cf42110bfddeb39cc1d2cd1199a"}}, {"pk": 52, "model": "rb.container", "fields": {"body": "http://readr.local:8080/static/demo/dailycandy/i/dailycandy-footer.png", "kind": "img", "hash": "b5f65241765e56b9e8509eb779e45909"}}, {"pk": 23, "model": "rb.interaction", "fields": {"kind": "tag", "container": 35, "parent": null, "created": "2011-08-14 15:38:06", "approved": true, "modified": "2011-08-14 15:38:06", "interaction_node": 3, "content": 9, "user": 3, "anonymous": false, "page": 2}}, {"pk": 22, "model": "rb.interaction", "fields": {"kind": "tag", "container": 16, "parent": null, "created": "2011-08-14 13:52:15", "approved": true, "modified": "2011-08-14 13:52:15", "interaction_node": 1, "content": 8, "user": 3, "anonymous": false, "page": 1}}, {"pk": 21, "model": "rb.interaction", "fields": {"kind": "com", "container": 5, "parent": 20, "created": "2011-08-12 14:42:24", "approved": true, "modified": "2011-08-12 14:42:24", "interaction_node": 16, "content": 7, "user": 3, "anonymous": false, "page": 1}}, {"pk": 20, "model": "rb.interaction", "fields": {"kind": "tag", "container": 5, "parent": null, "created": "2011-08-12 14:42:20", "approved": true, "modified": "2011-08-12 14:42:20", "interaction_node": 14, "content": 7, "user": 3, "anonymous": false, "page": 1}}, {"pk": 19, "model": "rb.interaction", "fields": {"kind": "com", "container": 5, "parent": 15, "created": "2011-08-12 14:41:25", "approved": true, "modified": "2011-08-12 14:41:25", "interaction_node": 15, "content": 1, "user": 3, "anonymous": false, "page": 1}}, {"pk": 18, "model": "rb.interaction", "fields": {"kind": "tag", "container": 5, "parent": null, "created": "2011-08-12 14:41:13", "approved": true, "modified": "2011-08-12 14:41:13", "interaction_node": 3, "content": 6, "user": 3, "anonymous": false, "page": 1}}, {"pk": 17, "model": "rb.interaction", "fields": {"kind": "tag", "container": 5, "parent": null, "created": "2011-08-12 14:41:12", "approved": true, "modified": "2011-08-12 14:41:12", "interaction_node": 2, "content": 6, "user": 3, "anonymous": false, "page": 1}}, {"pk": 16, "model": "rb.interaction", "fields": {"kind": "tag", "container": 5, "parent": null, "created": "2011-08-12 14:41:07", "approved": true, "modified": "2011-08-12 14:41:07", "interaction_node": 1, "content": 6, "user": 3, "anonymous": false, "page": 1}}, {"pk": 15, "model": "rb.interaction", "fields": {"kind": "tag", "container": 5, "parent": null, "created": "2011-08-12 10:43:38", "approved": true, "modified": "2011-08-12 10:43:38", "interaction_node": 14, "content": 1, "user": 3, "anonymous": false, "page": 1}}, {"pk": 14, "model": "rb.interaction", "fields": {"kind": "tag", "container": 10, "parent": null, "created": "2011-08-11 14:29:17", "approved": true, "modified": "2011-08-11 14:29:17", "interaction_node": 13, "content": 5, "user": 3, "anonymous": false, "page": 1}}, {"pk": 13, "model": "rb.interaction", "fields": {"kind": "tag", "container": 10, "parent": null, "created": "2011-08-11 14:29:15", "approved": true, "modified": "2011-08-11 14:29:15", "interaction_node": 12, "content": 5, "user": 3, "anonymous": false, "page": 1}}, {"pk": 12, "model": "rb.interaction", "fields": {"kind": "tag", "container": 10, "parent": null, "created": "2011-08-11 14:29:12", "approved": true, "modified": "2011-08-11 14:29:12", "interaction_node": 11, "content": 5, "user": 3, "anonymous": false, "page": 1}}, {"pk": 11, "model": "rb.interaction", "fields": {"kind": "tag", "container": 10, "parent": null, "created": "2011-08-11 14:29:10", "approved": true, "modified": "2011-08-11 14:29:10", "interaction_node": 10, "content": 5, "user": 3, "anonymous": false, "page": 1}}, {"pk": 10, "model": "rb.interaction", "fields": {"kind": "tag", "container": 10, "parent": null, "created": "2011-08-11 14:29:08", "approved": true, "modified": "2011-08-11 14:29:08", "interaction_node": 1, "content": 5, "user": 3, "anonymous": false, "page": 1}}, {"pk": 9, "model": "rb.interaction", "fields": {"kind": "com", "container": 3, "parent": 8, "created": "2011-08-11 11:06:35", "approved": true, "modified": "2011-08-11 11:06:35", "interaction_node": 9, "content": 4, "user": 3, "anonymous": false, "page": 1}}, {"pk": 8, "model": "rb.interaction", "fields": {"kind": "tag", "container": 3, "parent": null, "created": "2011-08-11 11:06:32", "approved": true, "modified": "2011-08-11 11:06:32", "interaction_node": 6, "content": 4, "user": 3, "anonymous": false, "page": 1}}, {"pk": 7, "model": "rb.interaction", "fields": {"kind": "tag", "container": 3, "parent": null, "created": "2011-08-11 11:06:30", "approved": true, "modified": "2011-08-11 11:06:30", "interaction_node": 3, "content": 4, "user": 3, "anonymous": false, "page": 1}}, {"pk": 6, "model": "rb.interaction", "fields": {"kind": "tag", "container": 3, "parent": null, "created": "2011-08-11 11:06:28", "approved": true, "modified": "2011-08-11 11:06:28", "interaction_node": 2, "content": 4, "user": 3, "anonymous": false, "page": 1}}, {"pk": 5, "model": "rb.interaction", "fields": {"kind": "tag", "container": 3, "parent": null, "created": "2011-08-11 11:06:22", "approved": true, "modified": "2011-08-11 11:06:22", "interaction_node": 1, "content": 4, "user": 3, "anonymous": false, "page": 1}}, {"pk": 4, "model": "rb.interaction", "fields": {"kind": "bkm", "container": 13, "parent": null, "created": "2011-08-10 18:04:31", "approved": true, "modified": "2011-08-10 18:04:31", "interaction_node": 8, "content": 3, "user": 6, "anonymous": false, "page": 1}}, {"pk": 3, "model": "rb.interaction", "fields": {"kind": "tag", "container": 16, "parent": null, "created": "2011-08-10 18:04:23", "approved": true, "modified": "2011-08-10 18:04:23", "interaction_node": 2, "content": 2, "user": 6, "anonymous": false, "page": 1}}, {"pk": 2, "model": "rb.interaction", "fields": {"kind": "tag", "container": 16, "parent": null, "created": "2011-08-10 18:04:23", "approved": true, "modified": "2011-08-10 18:04:23", "interaction_node": 1, "content": 2, "user": 6, "anonymous": false, "page": 1}}, {"pk": 1, "model": "rb.interaction", "fields": {"kind": "bkm", "container": 5, "parent": null, "created": "2011-08-10 17:56:26", "approved": true, "modified": "2011-08-10 17:56:26", "interaction_node": 7, "content": 1, "user": 3, "anonymous": false, "page": 1}}, {"pk": 1, "model": "rb.socialuser", "fields": {"username": "tyler.j.brock", "bio": "Wars fought, revolutions started, governments run, uprisings quelled, computers verified, tigers tamed, bars emptied.", "hometown": "New York, New York", "uid": "1301954", "gender": "M", "private_profile": false, "group_admin": null, "admin_approved": false, "user": 3, "full_name": "Tyler Johnson Brock", "provider": "Facebook", "img_url": "http://graph.facebook.com/1301954/picture"}}, {"pk": 2, "model": "rb.socialuser", "fields": {"username": "aspen.bruckheimer", "bio": null, "hometown": null, "uid": "100002007406193", "gender": "M", "private_profile": false, "group_admin": null, "admin_approved": false, "user": 6, "full_name": "Aspen Bruckheimer", "provider": "Facebook", "img_url": "http://graph.facebook.com/100002007406193/picture"}}, {"pk": 3, "model": "rb.socialauth", "fields": {"auth_token": "186217208100982|2.AQCH52cFwPZN3d2d.3600.1313020800.1-100002007406193|DixcS3rQ7dXbKy1Uo3KXxlkgD0I", "expires": "2011-08-10 20:00:00", "social_user": 2}}, {"pk": 14, "model": "rb.socialauth", "fields": {"auth_token": "186217208100982|2.AQAPxn2GrVkE_2dl.3600.1313355600.1-1301954|ZtXG_U9QeNT1ZNc9i6D-Q7F7EJI", "expires": "2011-08-14 17:00:00", "social_user": 1}}, {"pk": 1, "model": "south.migrationhistory", "fields": {"applied": "2011-08-10 20:10:33", "app_name": "rb", "migration": "0001_initial"}}, {"pk": 2, "model": "south.migrationhistory", "fields": {"applied": "2011-08-10 20:12:49", "app_name": "rb", "migration": "0002_auto__chg_field_group_logo_url_sm__chg_field_group_logo_url_lg__chg_fi"}}, {"pk": 3, "model": "south.migrationhistory", "fields": {"applied": "2011-08-15 03:11:19", "app_name": "rb", "migration": "0003_auto__chg_field_interactionnode_body"}}, {"pk": 4, "model": "south.migrationhistory", "fields": {"applied": "2011-08-15 03:15:00", "app_name": "rb", "migration": "0004_auto__add_field_site_twitter__add_field_site_logo_url_sm__add_field_si"}}, {"pk": 5, "model": "south.migrationhistory", "fields": {"applied": "2011-08-15 03:15:00", "app_name": "rb", "migration": "0005_move_data_from_group_to_site"}}, {"pk": 19, "model": "auth.permission", "fields": {"codename": "add_logentry", "name": "Can add log entry", "content_type": 7}}, {"pk": 20, "model": "auth.permission", "fields": {"codename": "change_logentry", "name": "Can change log entry", "content_type": 7}}, {"pk": 21, "model": "auth.permission", "fields": {"codename": "delete_logentry", "name": "Can delete log entry", "content_type": 7}}, {"pk": 4, "model": "auth.permission", "fields": {"codename": "add_group", "name": "Can add group", "content_type": 2}}, {"pk": 5, "model": "auth.permission", "fields": {"codename": "change_group", "name": "Can change group", "content_type": 2}}, {"pk": 6, "model": "auth.permission", "fields": {"codename": "delete_group", "name": "Can delete group", "content_type": 2}}, {"pk": 10, "model": "auth.permission", "fields": {"codename": "add_message", "name": "Can add message", "content_type": 4}}, {"pk": 11, "model": "auth.permission", "fields": {"codename": "change_message", "name": "Can change message", "content_type": 4}}, {"pk": 12, "model": "auth.permission", "fields": {"codename": "delete_message", "name": "Can delete message", "content_type": 4}}, {"pk": 1, "model": "auth.permission", "fields": {"codename": "add_permission", "name": "Can add permission", "content_type": 1}}, {"pk": 2, "model": "auth.permission", "fields": {"codename": "change_permission", "name": "Can change permission", "content_type": 1}}, {"pk": 3, "model": "auth.permission", "fields": {"codename": "delete_permission", "name": "Can delete permission", "content_type": 1}}, {"pk": 7, "model": "auth.permission", "fields": {"codename": "add_user", "name": "Can add user", "content_type": 3}}, {"pk": 8, "model": "auth.permission", "fields": {"codename": "change_user", "name": "Can change user", "content_type": 3}}, {"pk": 9, "model": "auth.permission", "fields": {"codename": "delete_user", "name": "Can delete user", "content_type": 3}}, {"pk": 13, "model": "auth.permission", "fields": {"codename": "add_contenttype", "name": "Can add content type", "content_type": 5}}, {"pk": 14, "model": "auth.permission", "fields": {"codename": "change_contenttype", "name": "Can change content type", "content_type": 5}}, {"pk": 15, "model": "auth.permission", "fields": {"codename": "delete_contenttype", "name": "Can delete content type", "content_type": 5}}, {"pk": 73, "model": "auth.permission", "fields": {"codename": "add_consumer", "name": "Can add consumer", "content_type": 24}}, {"pk": 74, "model": "auth.permission", "fields": {"codename": "change_consumer", "name": "Can change consumer", "content_type": 24}}, {"pk": 75, "model": "auth.permission", "fields": {"codename": "delete_consumer", "name": "Can delete consumer", "content_type": 24}}, {"pk": 67, "model": "auth.permission", "fields": {"codename": "add_nonce", "name": "Can add nonce", "content_type": 22}}, {"pk": 68, "model": "auth.permission", "fields": {"codename": "change_nonce", "name": "Can change nonce", "content_type": 22}}, {"pk": 69, "model": "auth.permission", "fields": {"codename": "delete_nonce", "name": "Can delete nonce", "content_type": 22}}, {"pk": 70, "model": "auth.permission", "fields": {"codename": "add_resource", "name": "Can add resource", "content_type": 23}}, {"pk": 71, "model": "auth.permission", "fields": {"codename": "change_resource", "name": "Can change resource", "content_type": 23}}, {"pk": 72, "model": "auth.permission", "fields": {"codename": "delete_resource", "name": "Can delete resource", "content_type": 23}}, {"pk": 76, "model": "auth.permission", "fields": {"codename": "add_token", "name": "Can add token", "content_type": 25}}, {"pk": 77, "model": "auth.permission", "fields": {"codename": "change_token", "name": "Can change token", "content_type": 25}}, {"pk": 78, "model": "auth.permission", "fields": {"codename": "delete_token", "name": "Can delete token", "content_type": 25}}, {"pk": 43, "model": "auth.permission", "fields": {"codename": "add_container", "name": "Can add container", "content_type": 15}}, {"pk": 44, "model": "auth.permission", "fields": {"codename": "change_container", "name": "Can change container", "content_type": 15}}, {"pk": 45, "model": "auth.permission", "fields": {"codename": "delete_container", "name": "Can delete container", "content_type": 15}}, {"pk": 40, "model": "auth.permission", "fields": {"codename": "add_content", "name": "Can add content", "content_type": 14}}, {"pk": 41, "model": "auth.permission", "fields": {"codename": "change_content", "name": "Can change content", "content_type": 14}}, {"pk": 42, "model": "auth.permission", "fields": {"codename": "delete_content", "name": "Can delete content", "content_type": 14}}, {"pk": 25, "model": "auth.permission", "fields": {"codename": "add_feature", "name": "Can add feature", "content_type": 10}}, {"pk": 26, "model": "auth.permission", "fields": {"codename": "change_feature", "name": "Can change feature", "content_type": 10}}, {"pk": 27, "model": "auth.permission", "fields": {"codename": "delete_feature", "name": "Can delete feature", "content_type": 10}}, {"pk": 28, "model": "auth.permission", "fields": {"codename": "add_group", "name": "Can add group", "content_type": 9}}, {"pk": 29, "model": "auth.permission", "fields": {"codename": "change_group", "name": "Can change group", "content_type": 9}}, {"pk": 30, "model": "auth.permission", "fields": {"codename": "delete_group", "name": "Can delete group", "content_type": 9}}, {"pk": 46, "model": "auth.permission", "fields": {"codename": "add_interaction", "name": "Can add interaction", "content_type": 16}}, {"pk": 47, "model": "auth.permission", "fields": {"codename": "change_interaction", "name": "Can change interaction", "content_type": 16}}, {"pk": 48, "model": "auth.permission", "fields": {"codename": "delete_interaction", "name": "Can delete interaction", "content_type": 16}}, {"pk": 22, "model": "auth.permission", "fields": {"codename": "add_interactionnode", "name": "Can add interaction node", "content_type": 8}}, {"pk": 23, "model": "auth.permission", "fields": {"codename": "change_interactionnode", "name": "Can change interaction node", "content_type": 8}}, {"pk": 24, "model": "auth.permission", "fields": {"codename": "delete_interactionnode", "name": "Can delete interaction node", "content_type": 8}}, {"pk": 49, "model": "auth.permission", "fields": {"codename": "add_link", "name": "Can add link", "content_type": 17}}, {"pk": 50, "model": "auth.permission", "fields": {"codename": "change_link", "name": "Can change link", "content_type": 17}}, {"pk": 51, "model": "auth.permission", "fields": {"codename": "delete_link", "name": "Can delete link", "content_type": 17}}, {"pk": 31, "model": "auth.permission", "fields": {"codename": "add_nodevalue", "name": "Can add node value", "content_type": 11}}, {"pk": 32, "model": "auth.permission", "fields": {"codename": "change_nodevalue", "name": "Can change node value", "content_type": 11}}, {"pk": 33, "model": "auth.permission", "fields": {"codename": "delete_nodevalue", "name": "Can delete node value", "content_type": 11}}, {"pk": 37, "model": "auth.permission", "fields": {"codename": "add_page", "name": "Can add page", "content_type": 13}}, {"pk": 38, "model": "auth.permission", "fields": {"codename": "change_page", "name": "Can change page", "content_type": 13}}, {"pk": 39, "model": "auth.permission", "fields": {"codename": "delete_page", "name": "Can delete page", "content_type": 13}}, {"pk": 55, "model": "auth.permission", "fields": {"codename": "add_profile", "name": "Can add profile", "content_type": 18}}, {"pk": 56, "model": "auth.permission", "fields": {"codename": "change_profile", "name": "Can change profile", "content_type": 18}}, {"pk": 57, "model": "auth.permission", "fields": {"codename": "delete_profile", "name": "Can delete profile", "content_type": 18}}, {"pk": 52, "model": "auth.permission", "fields": {"codename": "add_scrublist", "name": "Can add scrub list", "content_type": 26}}, {"pk": 53, "model": "auth.permission", "fields": {"codename": "change_scrublist", "name": "Can change scrub list", "content_type": 26}}, {"pk": 54, "model": "auth.permission", "fields": {"codename": "delete_scrublist", "name": "Can delete scrub list", "content_type": 26}}, {"pk": 34, "model": "auth.permission", "fields": {"codename": "add_site", "name": "Can add site", "content_type": 12}}, {"pk": 35, "model": "auth.permission", "fields": {"codename": "change_site", "name": "Can change site", "content_type": 12}}, {"pk": 36, "model": "auth.permission", "fields": {"codename": "delete_site", "name": "Can delete site", "content_type": 12}}, {"pk": 61, "model": "auth.permission", "fields": {"codename": "add_socialauth", "name": "Can add social auth", "content_type": 20}}, {"pk": 62, "model": "auth.permission", "fields": {"codename": "change_socialauth", "name": "Can change social auth", "content_type": 20}}, {"pk": 63, "model": "auth.permission", "fields": {"codename": "delete_socialauth", "name": "Can delete social auth", "content_type": 20}}, {"pk": 58, "model": "auth.permission", "fields": {"codename": "add_socialuser", "name": "Can add social user", "content_type": 19}}, {"pk": 59, "model": "auth.permission", "fields": {"codename": "change_socialuser", "name": "Can change social user", "content_type": 19}}, {"pk": 60, "model": "auth.permission", "fields": {"codename": "delete_socialuser", "name": "Can delete social user", "content_type": 19}}, {"pk": 16, "model": "auth.permission", "fields": {"codename": "add_session", "name": "Can add session", "content_type": 6}}, {"pk": 17, "model": "auth.permission", "fields": {"codename": "change_session", "name": "Can change session", "content_type": 6}}, {"pk": 18, "model": "auth.permission", "fields": {"codename": "delete_session", "name": "Can delete session", "content_type": 6}}, {"pk": 64, "model": "auth.permission", "fields": {"codename": "add_migrationhistory", "name": "Can add migration history", "content_type": 21}}, {"pk": 65, "model": "auth.permission", "fields": {"codename": "change_migrationhistory", "name": "Can change migration history", "content_type": 21}}, {"pk": 66, "model": "auth.permission", "fields": {"codename": "delete_migrationhistory", "name": "Can delete migration history", "content_type": 21}}, {"pk": 1, "model": "auth.user", "fields": {"username": "tbrock", "first_name": "", "last_name": "", "is_active": true, "is_superuser": true, "is_staff": true, "last_login": "2011-08-12 12:15:05", "groups": [], "user_permissions": [], "password": "sha1$aa1f9$8591d705f82cd52d1d01a0d5dc9f81de957339aa", "email": "tyler@readrboard.com", "date_joined": "2011-07-04 10:49:28"}}, {"pk": 3, "model": "auth.user", "fields": {"username": "tyler.brock@gmail.com", "first_name": "Tyler", "last_name": "Brock", "is_active": true, "is_superuser": false, "is_staff": false, "last_login": "2011-07-04 17:00:17", "groups": [], "user_permissions": [], "password": "", "email": "tyler.brock@gmail.com", "date_joined": "2011-07-04 17:00:17"}}, {"pk": 4, "model": "auth.user", "fields": {"username": "0ThiwMvXQYS3k0g95yiuFg", "first_name": "", "last_name": "", "is_active": true, "is_superuser": false, "is_staff": false, "last_login": "2011-07-10 19:57:26", "groups": [], "user_permissions": [], "password": "!", "email": "tempuser@readrboard.com", "date_joined": "2011-07-10 19:57:26"}}, {"pk": 6, "model": "auth.user", "fields": {"username": "tylerbrock@gmail.com", "first_name": "Aspen", "last_name": "Bruckheimer", "is_active": true, "is_superuser": false, "is_staff": false, "last_login": "2011-07-22 16:01:51", "groups": [], "user_permissions": [], "password": "", "email": "tylerbrock@gmail.com", "date_joined": "2011-07-22 16:01:51"}}, {"pk": 7, "model": "auth.user", "fields": {"username": "gzO9m3jqSc2ZEc429EEV/g", "first_name": "", "last_name": "", "is_active": true, "is_superuser": false, "is_staff": false, "last_login": "2011-07-31 10:12:48", "groups": [], "user_permissions": [], "password": "!", "email": "tempuser@readrboard.com", "date_joined": "2011-07-31 10:12:48"}}]